



/*
 Задание 1
 Заполнить все таблицы БД vk данными (по 10-100 записей в каждой таблице).
 */

/*!40101 SET @OLD_CHARACTER_SET_CLIENT=@@CHARACTER_SET_CLIENT */;
/*!40101 SET @OLD_CHARACTER_SET_RESULTS=@@CHARACTER_SET_RESULTS */;
/*!40101 SET @OLD_COLLATION_CONNECTION=@@COLLATION_CONNECTION */;
/*!40101 SET NAMES utf8mb4 */;
/*!40103 SET @OLD_TIME_ZONE=@@TIME_ZONE */;
/*!40103 SET TIME_ZONE='+00:00' */;
/*!40014 SET @OLD_UNIQUE_CHECKS=@@UNIQUE_CHECKS, UNIQUE_CHECKS=0 */;
/*!40014 SET @OLD_FOREIGN_KEY_CHECKS=@@FOREIGN_KEY_CHECKS, FOREIGN_KEY_CHECKS=0 */;
/*!40101 SET @OLD_SQL_MODE=@@SQL_MODE, SQL_MODE='NO_AUTO_VALUE_ON_ZERO' */;
/*!40111 SET @OLD_SQL_NOTES=@@SQL_NOTES, SQL_NOTES=0 */;

--
-- Table structure for table `communities`
--
USE vk;

DROP TABLE IF EXISTS `communities`;
/*!40101 SET @saved_cs_client     = @@character_set_client */;
/*!40101 SET character_set_client = utf8 */;
CREATE TABLE `communities` (
  `id` bigint(20) unsigned NOT NULL AUTO_INCREMENT,
  `name` varchar(150) COLLATE utf8mb4_unicode_ci DEFAULT NULL,
  `admin_user_id` bigint(20) unsigned DEFAULT NULL,
  PRIMARY KEY (`id`),
  KEY `communities_name_idx` (`name`),
  KEY `admin_user_id` (`admin_user_id`),
  CONSTRAINT `communities_ibfk_1` FOREIGN KEY (`admin_user_id`) REFERENCES `users` (`id`) ON DELETE SET NULL ON UPDATE CASCADE
) ENGINE=InnoDB AUTO_INCREMENT=101 DEFAULT CHARSET=utf8mb4 COLLATE=utf8mb4_unicode_ci;
/*!40101 SET character_set_client = @saved_cs_client */;

--
-- Dumping data for table `communities`
--

LOCK TABLES `communities` WRITE;
/*!40000 ALTER TABLE `communities` DISABLE KEYS */;
INSERT INTO `communities` VALUES (1,'modi',1),(2,'eos',2),(3,'quia',3),(4,'aut',4),(5,'quo',5),(6,'culpa',6),(7,'ut',7),(8,'officiis',8),(9,'facilis',9),(10,'harum',10),(11,'nobis',11),(12,'aliquam',12),(13,'sint',13),(14,'dolorum',14),(15,'quidem',15),(16,'suscipit',16),(17,'sed',17),(18,'necessitatibus',18),(19,'recusandae',19),(20,'provident',20),(21,'omnis',21),(22,'in',22),(23,'ut',23),(24,'nam',24),(25,'perspiciatis',25),(26,'est',26),(27,'quia',27),(28,'earum',28),(29,'dignissimos',29),(30,'cumque',30),(31,'hic',31),(32,'laudantium',32),(33,'odit',33),(34,'mollitia',34),(35,'sed',35),(36,'architecto',36),(37,'dolor',37),(38,'vel',38),(39,'nisi',39),(40,'qui',40),(41,'dicta',41),(42,'vel',42),(43,'at',43),(44,'architecto',44),(45,'aliquam',45),(46,'ducimus',46),(47,'possimus',47),(48,'facere',48),(49,'et',49),(50,'libero',50),(51,'excepturi',51),(52,'enim',52),(53,'est',53),(54,'accusantium',54),(55,'dolor',55),(56,'ipsam',56),(57,'ducimus',57),(58,'numquam',58),(59,'rerum',59),(60,'sequi',60),(61,'sequi',61),(62,'ad',62),(63,'omnis',63),(64,'sed',64),(65,'quasi',65),(66,'rerum',66),(67,'ratione',67),(68,'id',68),(69,'numquam',69),(70,'qui',70),(71,'quidem',71),(72,'earum',72),(73,'laudantium',73),(74,'sunt',74),(75,'veniam',75),(76,'sit',76),(77,'aut',77),(78,'consequatur',78),(79,'mollitia',79),(80,'iusto',80),(81,'ducimus',81),(82,'tempora',82),(83,'quo',83),(84,'corrupti',84),(85,'aspernatur',85),(86,'provident',86),(87,'delectus',87),(88,'officia',88),(89,'illo',89),(90,'asperiores',90),(91,'quasi',91),(92,'veritatis',92),(93,'qui',93),(94,'voluptatem',94),(95,'commodi',95),(96,'in',96),(97,'aut',97),(98,'dolorem',98),(99,'perspiciatis',99),(100,'architecto',100);
/*!40000 ALTER TABLE `communities` ENABLE KEYS */;
UNLOCK TABLES;

--
-- Table structure for table `friend_requests`
--

DROP TABLE IF EXISTS `friend_requests`;
/*!40101 SET @saved_cs_client     = @@character_set_client */;
/*!40101 SET character_set_client = utf8 */;
CREATE TABLE `friend_requests` (
  `initiator_user_id` bigint(20) unsigned NOT NULL,
  `target_user_id` bigint(20) unsigned NOT NULL,
  `status` enum('requested','approved','declined','unfriended') COLLATE utf8mb4_unicode_ci DEFAULT NULL,
  `requested_at` datetime DEFAULT current_timestamp(),
  `updated_at` datetime DEFAULT NULL ON UPDATE current_timestamp(),
  PRIMARY KEY (`initiator_user_id`,`target_user_id`),
  KEY `target_user_id` (`target_user_id`),
  CONSTRAINT `friend_requests_ibfk_1` FOREIGN KEY (`initiator_user_id`) REFERENCES `users` (`id`) ON DELETE CASCADE ON UPDATE CASCADE,
  CONSTRAINT `friend_requests_ibfk_2` FOREIGN KEY (`target_user_id`) REFERENCES `users` (`id`) ON DELETE CASCADE ON UPDATE CASCADE
) ENGINE=InnoDB DEFAULT CHARSET=utf8mb4 COLLATE=utf8mb4_unicode_ci;
/*!40101 SET character_set_client = @saved_cs_client */;

--
-- Dumping data for table `friend_requests`
--

LOCK TABLES `friend_requests` WRITE;
/*!40000 ALTER TABLE `friend_requests` DISABLE KEYS */;
INSERT INTO `friend_requests` VALUES (1,1,'unfriended','1979-12-03 19:35:32','1991-11-03 02:04:23'),(2,2,'approved','1986-04-20 15:25:08','1973-03-15 07:02:20'),(3,3,'declined','2004-06-20 17:51:42','2008-02-14 03:39:16'),(4,4,'approved','2020-01-26 13:08:32','1988-07-18 08:33:09'),(5,5,'requested','2014-06-30 11:39:06','2002-04-13 14:30:09'),(6,6,'approved','1970-01-13 22:08:19','1978-01-08 08:22:34'),(7,7,'requested','1970-11-24 19:24:38','2010-07-26 18:56:13'),(8,8,'approved','2003-03-10 17:51:54','1984-05-21 03:09:00'),(9,9,'declined','1979-04-15 03:24:53','2015-03-11 08:09:00'),(10,10,'approved','1994-11-29 10:25:21','2001-09-02 10:59:32'),(11,11,'approved','1975-08-20 06:03:27','1997-04-25 04:04:58'),(12,12,'unfriended','1977-11-21 00:16:56','1987-02-16 21:18:33'),(13,13,'approved','1997-10-09 13:50:51','1979-10-02 18:15:18'),(14,14,'requested','2010-07-28 00:07:54','2007-03-05 21:48:46'),(15,15,'requested','2006-09-15 14:16:54','1997-02-01 06:12:23'),(16,16,'requested','2018-06-04 17:32:33','1995-08-15 20:00:51'),(17,17,'approved','2020-11-29 15:34:00','2009-03-06 13:11:53'),(18,18,'requested','2003-06-21 22:53:03','2014-08-17 09:30:40'),(19,19,'approved','2013-02-25 20:14:39','1989-01-26 18:55:55'),(20,20,'unfriended','1987-04-27 12:57:19','1981-11-16 23:27:13'),(21,21,'declined','2013-06-03 14:24:59','1981-07-19 06:08:25'),(22,22,'unfriended','2003-12-05 06:28:02','1991-03-18 05:37:17'),(23,23,'approved','2021-10-19 02:34:24','1997-10-03 17:24:30'),(24,24,'unfriended','2001-06-30 14:17:22','1971-11-09 07:20:17'),(25,25,'requested','2013-02-09 03:19:29','1978-10-30 11:47:17'),(26,26,'declined','1990-08-10 02:55:07','2002-07-11 12:34:16'),(27,27,'declined','1978-11-13 22:37:31','2008-05-02 10:14:39'),(28,28,'approved','1974-09-08 12:48:34','1981-04-20 00:56:24'),(29,29,'declined','2019-10-06 05:31:48','2011-10-21 05:41:36'),(30,30,'unfriended','1997-08-22 13:23:24','1999-07-04 20:45:44'),(31,31,'requested','1975-12-24 03:52:18','1998-08-17 14:46:23'),(32,32,'unfriended','2004-05-22 13:17:21','1975-09-30 15:32:32'),(33,33,'requested','2008-01-09 03:20:04','2019-06-22 17:36:31'),(34,34,'declined','1980-03-09 07:18:36','1975-03-18 01:59:17'),(35,35,'unfriended','1999-02-14 05:09:54','1990-01-08 23:13:01'),(36,36,'declined','2020-08-16 14:47:33','2011-12-26 19:15:28'),(37,37,'declined','2008-06-11 18:00:30','1992-08-17 11:05:52'),(38,38,'approved','2014-12-08 07:16:25','1992-04-18 12:57:54'),(39,39,'requested','2010-08-02 22:28:49','1994-06-03 04:09:21'),(40,40,'declined','2002-10-02 19:36:13','2002-06-22 22:20:07'),(41,41,'unfriended','1983-01-26 08:24:21','2009-05-12 02:52:16'),(42,42,'approved','1973-07-19 00:04:23','1997-05-21 12:26:38'),(43,43,'approved','2022-01-24 08:39:16','2016-09-04 18:53:08'),(44,44,'approved','2011-08-22 13:10:34','2004-01-02 23:06:24'),(45,45,'declined','1997-11-17 04:54:51','1983-10-13 04:54:44'),(46,46,'unfriended','1979-07-05 09:23:18','2021-08-31 22:02:54'),(47,47,'requested','2015-06-04 16:54:22','2005-01-16 11:28:06'),(48,48,'requested','1994-07-22 08:17:10','1980-05-12 07:32:19'),(49,49,'approved','2011-09-18 12:42:49','2001-08-22 23:01:05'),(50,50,'unfriended','1972-01-21 04:44:28','1975-01-13 12:26:28'),(51,51,'unfriended','2009-07-14 10:08:03','1973-07-21 16:21:41'),(52,52,'approved','1984-09-19 16:29:06','1978-03-19 09:20:14'),(53,53,'unfriended','1990-11-27 11:35:20','1981-12-29 13:20:32'),(54,54,'approved','1972-03-08 02:08:26','1991-03-09 16:39:03'),(55,55,'unfriended','1979-11-04 14:42:41','1974-11-22 14:53:37'),(56,56,'unfriended','2009-12-27 23:07:31','2010-07-22 00:29:33'),(57,57,'unfriended','2012-05-01 18:11:59','2003-11-12 01:16:38'),(58,58,'declined','1971-10-31 23:06:55','1986-02-03 09:02:29'),(59,59,'unfriended','2010-03-10 05:06:18','2002-12-17 18:20:30'),(60,60,'requested','2017-05-13 03:23:18','2000-12-14 21:43:07'),(61,61,'approved','1998-02-25 08:15:05','1988-07-20 19:39:20'),(62,62,'declined','1982-05-03 11:43:15','1998-05-16 16:02:52'),(63,63,'declined','1989-03-29 01:04:39','1983-04-26 09:07:51'),(64,64,'approved','2008-01-10 19:27:21','1982-01-02 01:20:40'),(65,65,'approved','1995-07-11 03:28:08','1992-01-15 20:01:00'),(66,66,'declined','2012-06-15 23:03:29','2015-02-22 22:50:25'),(67,67,'unfriended','2004-12-05 20:26:56','2021-09-06 06:53:02'),(68,68,'approved','1982-01-25 19:31:24','2004-07-27 19:32:16'),(69,69,'unfriended','1980-12-10 15:54:27','1996-12-20 02:15:19'),(70,70,'unfriended','1992-09-18 05:33:04','2012-04-22 23:23:15'),(71,71,'requested','2014-03-09 05:35:13','1995-12-13 17:54:00'),(72,72,'approved','2004-06-29 17:54:14','1991-12-07 21:21:47'),(73,73,'unfriended','2016-07-13 08:54:44','1992-09-07 04:49:09'),(74,74,'unfriended','1973-02-07 16:58:28','2003-05-25 02:48:45'),(75,75,'unfriended','2019-11-08 09:58:07','1970-09-30 09:14:58'),(76,76,'unfriended','1998-11-17 13:21:19','1975-05-28 17:53:54'),(77,77,'requested','2004-06-21 02:53:59','2012-10-14 09:25:40'),(78,78,'unfriended','1993-01-12 15:24:06','1988-02-27 09:11:13'),(79,79,'unfriended','1971-09-22 08:56:59','2006-07-07 16:43:19'),(80,80,'requested','1976-06-15 10:00:00','1973-07-31 01:08:01'),(81,81,'unfriended','2003-12-14 15:47:26','2009-05-21 22:52:04'),(82,82,'requested','1983-11-28 05:59:21','1980-04-19 01:23:16'),(83,83,'unfriended','1994-08-30 21:44:09','2001-10-24 16:25:27'),(84,84,'unfriended','2003-12-25 13:32:09','1983-06-02 21:24:07'),(85,85,'requested','2008-02-02 08:34:48','2014-03-17 19:06:54'),(86,86,'declined','1997-06-20 13:34:47','1986-11-10 04:18:43'),(87,87,'unfriended','1984-05-26 10:36:42','1983-11-28 18:39:58'),(88,88,'requested','1992-03-20 10:39:21','1993-07-23 22:15:54'),(89,89,'requested','1981-03-22 09:33:53','2002-03-28 08:44:13'),(90,90,'unfriended','2006-12-31 17:33:47','2014-05-28 05:13:14'),(91,91,'requested','1985-07-04 00:55:38','1989-01-16 15:37:02'),(92,92,'approved','2010-02-08 22:49:29','1970-10-15 15:54:54'),(93,93,'unfriended','1976-03-20 19:51:07','1973-07-19 19:58:34'),(94,94,'approved','1985-07-16 10:38:29','1972-07-31 04:15:17'),(95,95,'approved','2022-02-24 21:37:15','1995-04-24 20:53:59'),(96,96,'approved','1981-01-29 11:36:02','1986-05-18 03:49:33'),(97,97,'declined','2007-01-01 02:04:43','2004-09-01 00:01:54'),(98,98,'declined','2003-11-13 00:01:35','2004-06-01 17:35:22'),(99,99,'requested','1997-08-18 19:21:08','1992-08-18 07:49:44'),(100,100,'unfriended','1978-08-20 06:54:18','1973-07-14 16:32:21');
/*!40000 ALTER TABLE `friend_requests` ENABLE KEYS */;
UNLOCK TABLES;

--
-- Table structure for table `likes`
--

DROP TABLE IF EXISTS `likes`;
/*!40101 SET @saved_cs_client     = @@character_set_client */;
/*!40101 SET character_set_client = utf8 */;
CREATE TABLE `likes` (
  `id` bigint(20) unsigned NOT NULL AUTO_INCREMENT,
  `user_id` bigint(20) unsigned NOT NULL,
  `media_id` bigint(20) unsigned NOT NULL,
  `created_at` datetime DEFAULT current_timestamp(),
  PRIMARY KEY (`id`),
  KEY `user_id` (`user_id`),
  KEY `media_id` (`media_id`),
  CONSTRAINT `likes_ibfk_1` FOREIGN KEY (`user_id`) REFERENCES `users` (`id`) ON DELETE CASCADE ON UPDATE CASCADE,
  CONSTRAINT `likes_ibfk_2` FOREIGN KEY (`media_id`) REFERENCES `media` (`id`) ON DELETE CASCADE ON UPDATE CASCADE
) ENGINE=InnoDB AUTO_INCREMENT=101 DEFAULT CHARSET=utf8mb4 COLLATE=utf8mb4_unicode_ci;
/*!40101 SET character_set_client = @saved_cs_client */;

--
-- Dumping data for table `likes`
--

LOCK TABLES `likes` WRITE;
/*!40000 ALTER TABLE `likes` DISABLE KEYS */;
INSERT INTO `likes` VALUES (1,1,1,'2012-10-31 08:11:00'),(2,2,2,'2022-03-27 03:13:34'),(3,3,3,'1997-01-10 13:16:03'),(4,4,4,'1978-05-17 07:27:44'),(5,5,5,'2008-10-12 06:23:36'),(6,6,6,'2013-08-20 04:55:21'),(7,7,7,'1972-01-18 14:55:15'),(8,8,8,'2009-02-09 18:51:25'),(9,9,9,'2004-02-05 09:30:30'),(10,10,10,'1981-10-27 10:27:31'),(11,11,11,'1984-05-20 10:32:47'),(12,12,12,'2003-11-02 01:59:18'),(13,13,13,'2009-03-10 12:09:29'),(14,14,14,'1972-08-02 11:07:14'),(15,15,15,'1982-05-05 18:48:31'),(16,16,16,'2011-12-25 13:05:53'),(17,17,17,'1978-03-06 14:58:30'),(18,18,18,'2020-04-08 22:10:35'),(19,19,19,'2018-02-27 13:29:54'),(20,20,20,'1971-09-19 06:59:18'),(21,21,21,'2006-07-12 00:33:40'),(22,22,22,'1978-12-11 06:25:41'),(23,23,23,'1981-04-13 18:20:24'),(24,24,24,'1973-04-05 19:03:20'),(25,25,25,'1996-11-12 02:21:08'),(26,26,26,'1973-04-10 13:31:36'),(27,27,27,'2012-06-02 10:07:43'),(28,28,28,'2014-05-28 15:39:26'),(29,29,29,'1997-10-07 21:46:55'),(30,30,30,'2003-02-20 03:12:21'),(31,31,31,'1989-01-31 22:13:59'),(32,32,32,'1987-05-07 18:47:57'),(33,33,33,'1989-01-17 15:04:06'),(34,34,34,'2005-01-19 15:18:26'),(35,35,35,'1994-11-15 19:01:33'),(36,36,36,'2015-09-01 12:35:55'),(37,37,37,'1989-01-08 22:52:37'),(38,38,38,'1990-08-24 15:38:03'),(39,39,39,'1993-10-21 07:10:09'),(40,40,40,'1979-03-13 01:53:18'),(41,41,41,'1987-09-07 19:56:04'),(42,42,42,'1996-02-24 21:33:12'),(43,43,43,'2000-03-13 13:20:29'),(44,44,44,'2001-01-22 08:13:53'),(45,45,45,'1987-04-02 12:44:07'),(46,46,46,'1975-09-02 19:19:23'),(47,47,47,'1986-03-28 12:39:15'),(48,48,48,'1991-12-13 11:43:48'),(49,49,49,'1974-08-25 08:14:53'),(50,50,50,'1987-01-17 17:23:13'),(51,51,51,'1981-10-14 20:05:12'),(52,52,52,'2013-09-16 19:44:45'),(53,53,53,'1985-09-05 11:44:32'),(54,54,54,'2010-11-26 01:28:25'),(55,55,55,'2003-12-26 18:48:39'),(56,56,56,'1986-04-23 02:40:03'),(57,57,57,'1995-01-28 10:51:57'),(58,58,58,'2004-01-07 19:54:43'),(59,59,59,'1997-08-16 16:59:26'),(60,60,60,'1979-12-12 12:34:00'),(61,61,61,'2008-12-22 06:08:07'),(62,62,62,'1978-10-31 02:10:37'),(63,63,63,'2021-01-18 21:37:33'),(64,64,64,'2000-04-10 03:29:33'),(65,65,65,'1975-06-28 19:05:20'),(66,66,66,'1995-03-28 18:14:24'),(67,67,67,'1990-06-18 21:01:19'),(68,68,68,'2000-09-03 07:13:54'),(69,69,69,'1974-09-19 04:50:19'),(70,70,70,'1971-03-20 06:28:50'),(71,71,71,'2008-02-22 02:28:22'),(72,72,72,'1972-10-16 18:44:14'),(73,73,73,'1999-09-08 19:00:27'),(74,74,74,'1995-08-03 17:21:25'),(75,75,75,'2021-04-10 16:16:59'),(76,76,76,'1985-09-19 10:59:45'),(77,77,77,'2003-12-04 11:14:32'),(78,78,78,'2005-11-11 21:01:36'),(79,79,79,'1996-08-08 11:17:16'),(80,80,80,'2003-03-04 07:24:36'),(81,81,81,'1995-09-01 00:07:27'),(82,82,82,'1973-05-02 05:38:14'),(83,83,83,'2006-01-07 12:02:06'),(84,84,84,'2009-10-06 08:20:45'),(85,85,85,'1977-01-16 23:11:23'),(86,86,86,'1979-07-29 10:55:42'),(87,87,87,'1980-02-13 20:52:41'),(88,88,88,'1997-09-27 12:13:05'),(89,89,89,'1991-07-25 22:28:31'),(90,90,90,'1993-02-01 01:58:31'),(91,91,91,'1987-05-15 17:28:21'),(92,92,92,'1989-01-06 07:34:42'),(93,93,93,'2003-11-26 03:49:39'),(94,94,94,'1997-06-06 14:11:37'),(95,95,95,'1978-01-02 18:47:02'),(96,96,96,'1977-06-08 19:07:31'),(97,97,97,'1990-06-04 02:20:32'),(98,98,98,'1984-04-27 05:49:41'),(99,99,99,'1985-01-06 14:05:39'),(100,100,100,'2019-10-25 02:45:45');
/*!40000 ALTER TABLE `likes` ENABLE KEYS */;
UNLOCK TABLES;

--
-- Table structure for table `media`
--

DROP TABLE IF EXISTS `media`;
/*!40101 SET @saved_cs_client     = @@character_set_client */;
/*!40101 SET character_set_client = utf8 */;
CREATE TABLE `media` (
  `id` bigint(20) unsigned NOT NULL AUTO_INCREMENT,
  `media_type_id` bigint(20) unsigned DEFAULT NULL,
  `user_id` bigint(20) unsigned NOT NULL,
  `body` text COLLATE utf8mb4_unicode_ci DEFAULT NULL,
  `filename` varchar(255) COLLATE utf8mb4_unicode_ci DEFAULT NULL,
  `size` int(11) DEFAULT NULL,
  `metadata` longtext CHARACTER SET utf8mb4 COLLATE utf8mb4_bin DEFAULT NULL CHECK (json_valid(`metadata`)),
  `created_at` datetime DEFAULT current_timestamp(),
  `updated_at` datetime DEFAULT current_timestamp() ON UPDATE current_timestamp(),
  PRIMARY KEY (`id`),
  KEY `user_id` (`user_id`),
  KEY `media_type_id` (`media_type_id`),
  CONSTRAINT `media_ibfk_1` FOREIGN KEY (`user_id`) REFERENCES `users` (`id`) ON DELETE CASCADE ON UPDATE CASCADE,
  CONSTRAINT `media_ibfk_2` FOREIGN KEY (`media_type_id`) REFERENCES `media_types` (`id`) ON DELETE SET NULL ON UPDATE CASCADE
) ENGINE=InnoDB AUTO_INCREMENT=101 DEFAULT CHARSET=utf8mb4 COLLATE=utf8mb4_unicode_ci;
/*!40101 SET character_set_client = @saved_cs_client */;

--
-- Dumping data for table `media`
--

LOCK TABLES `media` WRITE;
/*!40000 ALTER TABLE `media` DISABLE KEYS */;
INSERT INTO `media` VALUES (1,1,66,'Voluptas doloremque nulla totam cupiditate. Quam ex debitis ut ut quisquam. Omnis pariatur optio et nisi aut nisi.','sapiente',40923,NULL,'1989-02-04 19:16:16','2011-05-12 20:43:39'),(2,2,7,'Quo labore et quaerat deleniti explicabo quos commodi soluta. Animi eligendi hic ratione qui et veritatis. Dicta nulla aliquid eius qui quia quas sit. Culpa eos dolore sed reprehenderit et.','nam',1684,NULL,'1990-03-08 22:27:20','1999-08-04 00:31:07'),(3,3,97,'Alias non aut eveniet vel assumenda recusandae quia. Et temporibus quas harum ex. Ea qui dolores nisi ut in non. Et nulla dicta quis.','pariatur',63,NULL,'1991-03-15 17:31:47','1974-11-23 07:54:25'),(4,4,92,'Molestiae quo tempore cupiditate voluptas nobis ut. Aut pariatur pariatur repudiandae inventore quia sapiente ullam rerum. Ut est repellendus magnam. Reprehenderit deleniti fugit vero ipsum et. Corrupti soluta architecto eligendi.','voluptatem',5103525,NULL,'2005-02-14 06:05:48','1996-10-09 14:50:54'),(5,1,23,'Voluptatem nihil provident quibusdam quos. Suscipit qui odio ipsam possimus nesciunt praesentium assumenda corrupti. Vel ipsam perspiciatis quibusdam repellat eius eligendi.','quasi',390862608,NULL,'2020-03-21 11:42:46','1992-08-22 00:16:01'),(6,2,24,'Nihil et vel nihil dolores ex quis in voluptas. Ut quos explicabo sit. Non et est libero sint. Dolorem et adipisci nihil consequatur eligendi.','modi',0,NULL,'1983-02-03 22:23:13','1981-11-17 23:26:17'),(7,3,69,'In aspernatur quia aliquid sint et eaque. Accusamus rerum ex et odio optio est. Dolore qui illum laudantium ex facilis quaerat id nisi.','cupiditate',0,NULL,'1976-05-04 06:16:25','1974-10-29 02:43:06'),(8,4,24,'Maxime vel impedit officiis non. Tempore error omnis laboriosam modi possimus a fuga.','reiciendis',184803,NULL,'1982-01-19 15:04:08','1988-02-18 10:18:19'),(9,1,96,'Unde quo voluptatibus unde sequi possimus. Aliquid a quasi nobis amet ut. Dolor non necessitatibus perspiciatis debitis maiores voluptatem. Autem dolorem fugiat non voluptatibus totam dignissimos.','quis',55302,NULL,'1982-08-25 10:38:05','1971-09-23 17:11:30'),(10,2,100,'Praesentium est beatae eos alias sequi nobis. Ex deserunt soluta esse. Tenetur enim unde numquam laborum error similique. Possimus asperiores quia tempora.','ipsa',0,NULL,'2014-11-14 00:14:18','1978-07-16 03:21:20'),(11,3,16,'Sed fuga temporibus temporibus rerum itaque est. Et harum quaerat velit facere animi maxime error. Vel nihil aut aut nulla. Nihil optio incidunt vel asperiores cum quaerat cumque occaecati.','reprehenderit',8,NULL,'1993-05-06 03:46:10','2003-12-15 11:02:15'),(12,4,22,'Omnis mollitia nulla voluptate dolorem nihil veniam. Ullam quae ut cumque nesciunt repellat. Vero consequuntur et quia quasi tempore eligendi nam. Qui qui sit nostrum dolor nostrum.','est',746459,NULL,'1992-09-06 16:13:10','2010-10-24 11:31:35'),(13,1,99,'Odio esse voluptatem sint quaerat. Quo voluptatem sunt sint. Ullam non pariatur mollitia error qui rerum. Magnam sit deleniti omnis est ut.','vitae',794794549,NULL,'1979-05-28 14:39:35','2003-07-11 06:22:04'),(14,2,78,'Voluptatem velit temporibus ducimus enim. Nesciunt velit harum in. Qui provident et vero quis distinctio itaque blanditiis.','excepturi',71156,NULL,'1985-03-14 16:50:58','1972-07-04 20:54:50'),(15,3,1,'Harum reprehenderit minima soluta expedita qui odio adipisci non. Rerum ipsam autem officia et ut recusandae qui et. Eius sed architecto molestiae rem numquam nihil est perferendis.','reiciendis',3039,NULL,'1994-04-19 12:31:13','2018-09-19 08:00:10'),(16,4,19,'Laboriosam corrupti blanditiis quae modi mollitia ab. Illum sit voluptatem et vero inventore explicabo enim. Saepe corrupti non suscipit esse dolorem. Quo enim asperiores in fuga totam.','reiciendis',78269560,NULL,'2005-09-03 16:09:18','1981-09-10 17:00:46'),(17,1,59,'Maxime non ipsam in voluptatibus. Est aut tempora et ratione. Non possimus quia nulla illum et rerum ea. Quos blanditiis hic eveniet rem omnis ea.','non',5075132,NULL,'1982-03-02 09:16:41','1990-06-14 22:04:29'),(18,2,31,'Dolore repudiandae dicta et autem animi quia veniam. Eum et deserunt ipsam. Et sequi necessitatibus nostrum fugit ut nisi. Explicabo dolore est nam animi ut rerum. Amet quia itaque corrupti sit nobis quia quis.','quia',3,NULL,'1990-10-21 03:58:28','1980-06-29 09:55:29'),(19,3,74,'Non minima quaerat voluptas temporibus et. Et quasi ipsa voluptates est reprehenderit. Omnis aperiam est voluptatem amet eos pariatur.','nesciunt',99638241,NULL,'1976-07-15 16:34:25','2013-06-28 22:11:03'),(20,4,67,'Reprehenderit eos sunt et. Ullam facilis iste sit. Quas incidunt impedit alias voluptas deserunt. Molestiae similique quia perspiciatis provident similique.','accusantium',0,NULL,'1992-08-22 14:01:50','1988-04-26 13:36:00'),(21,1,96,'Nobis quisquam quis et eveniet beatae impedit doloremque. Necessitatibus officiis commodi autem excepturi id quisquam. Ut quaerat qui corporis possimus explicabo voluptatem velit. Facilis sint repellat itaque corporis est.','sint',0,NULL,'2011-12-02 16:21:34','1981-05-23 17:43:12'),(22,2,2,'Est quasi minima rerum suscipit dolores eos aliquam. Maiores fuga fugit consequatur et enim et. Non consequatur iusto voluptate aliquam. Sequi quia vel sequi quisquam quos possimus in expedita.','provident',3190617,NULL,'1974-11-13 21:38:18','1986-01-23 11:45:38'),(23,3,82,'Earum et voluptate minus perspiciatis ut perferendis possimus. Tempore sed recusandae ex qui. Aut id magni voluptatem totam qui dolorem.','magnam',27931,NULL,'2000-08-18 01:24:50','1986-05-28 19:37:33'),(24,4,98,'Eaque officiis ut atque possimus explicabo facere vitae. Omnis sint fugit quia veniam quia. Laborum quas ut sunt dolores neque.','quia',6,NULL,'2002-10-22 15:25:59','1992-08-07 05:34:58'),(25,1,83,'Error dignissimos illo nihil sapiente itaque magni et et. Sit quo sed molestias voluptatem quia nisi iure. Unde ullam ut aperiam omnis enim.','voluptatibus',857122831,NULL,'1997-01-22 08:24:09','2002-06-19 17:24:26'),(26,2,9,'Est ab aliquid maxime ut totam in magni. Maiores veritatis culpa voluptas amet aliquam aut et. Suscipit consequatur quod quia fugit sed nobis.','cupiditate',4408011,NULL,'2001-12-16 11:43:14','1989-02-08 10:42:00'),(27,3,26,'Dolorum aut ipsam commodi minima. Eligendi debitis impedit sequi nulla cumque et quod. Ad sint soluta doloribus aspernatur eum.','aliquam',82,NULL,'1989-03-19 02:47:11','1990-04-07 04:49:44'),(28,4,97,'Maiores quia id asperiores reprehenderit quasi qui voluptates voluptatem. Vel tempora ut quasi porro qui temporibus. Molestiae fugiat et laudantium et ut id. Odio tempora animi quidem sed. Maxime consequuntur et sed quos ea.','voluptatibus',9,NULL,'1999-03-08 10:32:06','1985-09-24 17:50:45'),(29,1,58,'Dolor voluptatem culpa quaerat autem. Qui natus maxime praesentium non.','in',0,NULL,'2001-11-20 01:15:44','1976-10-30 12:06:32'),(30,2,73,'Laborum ea eius non autem. Et rem sed expedita cumque.','maxime',147347188,NULL,'2006-11-08 23:59:52','1971-06-13 15:42:43'),(31,3,7,'Eius aliquid quo labore rem. Maiores maxime id animi qui voluptatem. Deleniti aliquam tempore accusamus. Et minima possimus consequatur ea iure.','quae',5,NULL,'2002-12-11 23:49:57','1971-04-05 16:18:07'),(32,4,23,'Voluptatem omnis temporibus est sunt voluptate nihil. Consequatur quaerat sequi debitis eos nihil quia quisquam. Blanditiis excepturi animi et eius iste suscipit. Ad dolorem minima quasi in omnis.','sed',4,NULL,'1971-08-13 05:11:32','1998-05-09 06:21:20'),(33,1,79,'Suscipit quod consequatur quae. Quam culpa quo quae esse tenetur. Non et ut sapiente quaerat voluptatibus blanditiis.','exercitationem',5,NULL,'2005-01-29 01:40:41','2019-02-20 19:15:01'),(34,2,4,'Nisi ratione iure ratione. Necessitatibus eveniet quaerat necessitatibus et aut soluta. Voluptatem occaecati maxime et magnam saepe sit placeat. Aut recusandae et ut ad est est.','sit',7990144,NULL,'1990-01-09 02:14:50','1993-02-24 06:45:45'),(35,3,15,'Possimus ut reprehenderit dolore qui eaque. Repellat magni aperiam animi maxime possimus eum sequi qui. Fugit voluptas labore quia minima aut enim ut. Molestiae accusantium quia qui nam omnis sunt ut ab.','magnam',0,NULL,'1974-10-20 17:22:51','1973-08-25 23:08:25'),(36,4,1,'Deserunt tempore ut voluptatum facere voluptatum odit odit facilis. Alias ex facere dolorem assumenda. Qui consectetur et dolor animi natus et eos. Eaque voluptatum libero ea minus earum architecto doloremque. Sint ut corrupti maiores aut minus quidem expedita iste.','iure',5484,NULL,'1976-11-15 17:56:48','1999-02-17 23:52:26'),(37,1,27,'Optio at dolor reprehenderit excepturi. Et architecto in harum aut libero. Voluptatum soluta voluptatem recusandae consequatur sit. Corrupti sit ut aut et et et.','aspernatur',81422,NULL,'1998-02-17 18:19:51','2000-02-27 18:30:17'),(38,2,83,'Hic qui sapiente molestiae omnis velit. Minus veritatis atque aut dignissimos nesciunt ducimus. Reprehenderit quia atque velit.','facilis',358589731,NULL,'1973-03-06 16:59:38','2004-09-17 00:06:35'),(39,3,25,'Eligendi nihil nihil inventore sit eos cupiditate. Harum quia a architecto quo voluptas id quaerat. Pariatur totam sunt et praesentium aut atque. Est nisi expedita ipsam sit dolor quod ullam.','perferendis',696,NULL,'1988-02-25 02:37:31','1983-05-19 02:41:06'),(40,4,23,'Totam nisi dolorem nesciunt corporis id magni natus dicta. Et eum aut voluptas culpa ut assumenda voluptas. Aut sunt doloremque voluptatibus deserunt voluptatem.','et',834241,NULL,'2001-07-06 04:07:33','1994-01-21 03:41:39'),(41,1,83,'Qui temporibus dicta aliquid. Fugit ut quis unde amet quasi officia atque. In sunt ab quisquam aut recusandae dignissimos. Quibusdam quo id enim veniam qui officiis. Autem eligendi cum doloremque consequatur eum necessitatibus.','fuga',96084898,NULL,'1978-05-06 18:18:40','1998-11-02 01:10:12'),(42,2,41,'Aut ut non quo reprehenderit sed possimus minus repellat. Quia maxime adipisci quia perferendis omnis beatae ex accusantium. Dignissimos natus nemo iusto totam excepturi. Sapiente tempore placeat voluptatem dolore.','cumque',1926968,NULL,'2002-10-10 00:33:57','2010-08-08 19:38:13'),(43,3,44,'Eaque quis occaecati labore doloremque minima sed sed tempore. Eligendi nisi ut et voluptatem repellat aperiam sit. Rerum voluptates et minus adipisci.','aut',32130606,NULL,'1977-03-16 23:41:49','1976-03-09 04:05:17'),(44,4,81,'Vitae magni qui qui beatae quibusdam ipsa. Quia et voluptas vero excepturi velit. Enim enim accusantium nisi sit quia. Similique excepturi ea iste quaerat amet eos cumque.','tempora',15,NULL,'1977-01-30 14:35:18','1978-01-04 12:53:47'),(45,1,18,'Eveniet dolor quisquam enim nobis dolorem tempora. Tempore accusantium similique sint reiciendis. Beatae qui harum praesentium vel.','sed',9,NULL,'1999-09-15 15:08:26','1995-03-21 00:16:03'),(46,2,44,'Consequatur vitae est pariatur et exercitationem culpa debitis. Et harum dolores dolore voluptatem. Consequatur natus quaerat soluta nobis dolorem.','aut',6431,NULL,'1979-05-21 06:57:29','1990-05-04 07:50:25'),(47,3,100,'Quidem tempore corrupti consequatur quo. Iste ea sunt exercitationem beatae non. Quam modi consequatur tempora sint.','ut',0,NULL,'1982-01-30 18:07:15','2016-08-10 08:58:25'),(48,4,76,'Magnam iusto quas at voluptatem at iste aut. Ea corporis commodi voluptatibus assumenda quam. Voluptatem et at explicabo saepe ipsa eaque quis modi. Voluptate eum culpa dolorum velit et minus quo.','at',56,NULL,'1980-01-11 13:20:17','1999-08-04 05:33:48'),(49,1,74,'Totam itaque est tenetur. Fuga quae exercitationem porro sit dignissimos est atque. Nobis pariatur cum voluptas aut dignissimos eum voluptas.','consequuntur',2272,NULL,'1988-04-24 12:17:49','2016-01-21 09:35:30'),(50,2,73,'Eos nulla molestiae quis consequatur. Eaque natus et ea nisi. Non ratione et dicta.','possimus',76996,NULL,'1978-07-25 21:41:55','1979-04-01 09:28:18'),(51,3,43,'Commodi iusto iure delectus quia natus. Maiores et labore illum ipsum consequatur magni. Aut veritatis sapiente est omnis.','temporibus',54421995,NULL,'2008-05-02 10:45:42','1980-02-13 01:50:32'),(52,4,70,'Debitis eligendi aspernatur hic libero. Eos sed vero esse eveniet.','quaerat',969444,NULL,'2000-01-13 14:06:20','2015-07-25 14:22:04'),(53,1,75,'Sed libero est corporis. Laborum explicabo illo voluptas cum mollitia totam. Provident corrupti nihil aspernatur quisquam possimus minima. Et minima aut ullam exercitationem blanditiis quas.','sed',67533167,NULL,'2014-10-02 03:46:36','1987-08-12 10:47:24'),(54,2,24,'Voluptas qui doloribus minima aut et libero qui. Perspiciatis temporibus animi architecto. Corporis est in laborum.','rerum',6281,NULL,'1974-03-05 01:03:39','1981-06-12 08:49:36'),(55,3,67,'Unde sunt excepturi atque at sunt et quis et. Velit facere commodi sunt eum. Rerum qui quam est itaque. Consequatur voluptas laboriosam illum sint voluptate reiciendis corrupti.','tempora',2822241,NULL,'2011-01-29 11:10:12','1974-07-10 12:29:47'),(56,4,57,'Nesciunt quam distinctio explicabo qui officia. Officiis sint ducimus occaecati neque voluptatum occaecati. Aut reprehenderit quisquam dolorem illum esse et. Dignissimos culpa sunt itaque iusto. Corporis officiis quis consequatur ea in facilis odio ea.','perspiciatis',469777693,NULL,'1983-08-18 17:05:13','1997-05-11 02:18:44'),(57,1,32,'Optio in accusantium repellat sit excepturi aspernatur quo. Commodi similique ut sed eius aspernatur asperiores. Dolores voluptas minima dolor et aut provident. Odit aut autem in qui minima vero.','est',136,NULL,'2016-04-15 06:42:32','2002-01-06 09:58:27'),(58,2,92,'Aut in est consequatur illum rerum sed. Ut quae ut delectus ab quod. Dignissimos non molestiae at doloribus magni.','perferendis',0,NULL,'1979-12-31 00:38:37','2005-09-03 18:23:11'),(59,3,54,'Repudiandae aut consequuntur qui nemo quisquam consectetur saepe. Maiores veniam expedita quia atque veniam id cupiditate aut. Et unde similique nesciunt quia est ut quia. Dicta at ab rerum debitis veniam.','nostrum',123027,NULL,'2006-10-31 12:11:33','2002-12-22 04:03:52'),(60,4,90,'Beatae omnis sunt harum iste. Culpa sed natus animi et qui vel aut commodi. Ea id rerum officiis impedit unde assumenda minus.','fugiat',8726306,NULL,'1998-06-24 08:18:27','1992-03-06 19:23:26'),(61,1,64,'Voluptate repudiandae ex eaque eos nostrum nihil. Consequatur tempore nihil voluptatibus ut consequatur. Reprehenderit autem praesentium ea id officia tenetur quia. Et repudiandae ut expedita aperiam.','minima',437,NULL,'1993-06-08 14:15:09','1970-06-29 00:25:46'),(62,2,61,'Deserunt excepturi quia sunt libero aut doloremque dolores. Sed voluptatem accusamus necessitatibus quam. Quis minima atque odit facere. Autem optio velit officiis et aut molestiae.','sed',68424418,NULL,'1976-05-17 10:52:29','1975-11-21 16:27:09'),(63,3,13,'Error est tempora et reprehenderit qui autem. Fugiat dolores beatae sit repellendus in molestiae. Odio voluptate est et provident dolores est.','a',620,NULL,'1984-10-26 15:43:37','1982-01-12 21:03:49'),(64,4,43,'Ullam beatae a aut sit doloribus et delectus. Odit illo et atque error. Qui sunt atque ab ut et. Maxime nobis numquam debitis nulla eius molestiae quas enim.','sint',86712,NULL,'1993-07-24 09:33:20','1989-09-23 20:17:47'),(65,1,64,'Suscipit laborum eveniet non mollitia dolor sed fugiat. Qui maiores quibusdam vel praesentium. Animi incidunt quibusdam voluptate dolores aliquam.','fuga',8106593,NULL,'2020-06-24 17:51:54','1992-09-04 15:13:14'),(66,2,27,'Autem debitis ab alias accusamus magnam quibusdam blanditiis. Fugit incidunt ut veniam voluptatem in. Officiis quisquam ut distinctio quos repellendus.','dolores',0,NULL,'1988-04-28 18:35:34','1987-04-06 00:37:01'),(67,3,44,'Dolorem sint quis explicabo. Eligendi corrupti ipsam esse quasi autem iste. Culpa tempora dolorum voluptate consequatur qui voluptatem. Aliquid eos alias velit atque. Autem minus nihil possimus veritatis sapiente commodi eos.','cumque',0,NULL,'2004-02-13 01:00:04','1981-06-06 19:30:17'),(68,4,90,'Molestias dolorem voluptatem ducimus ut suscipit voluptas officiis quidem. Quidem quaerat qui quam voluptatibus nam. Et sed incidunt possimus quibusdam alias tempore et.','eum',49,NULL,'1973-07-11 18:58:17','1993-04-23 06:21:34'),(69,1,10,'Amet expedita ut nesciunt modi natus dolorum. Delectus et recusandae eveniet vel numquam. Voluptate ipsum cupiditate facere culpa adipisci. Blanditiis cupiditate autem est dolor.','sunt',11,NULL,'2018-12-21 12:06:34','1993-07-23 07:38:20'),(70,2,68,'Praesentium adipisci eaque expedita accusamus neque dolores. Eligendi quibusdam dolor illum id. Excepturi id beatae at modi eos est illo.','doloremque',14823,NULL,'1982-12-10 13:46:16','1985-06-20 02:41:23'),(71,3,13,'Velit dolore iste et. Animi eaque voluptas error illo cupiditate. Fugiat ipsum quaerat impedit aut labore rerum aut voluptatem.','voluptas',530,NULL,'1994-05-01 19:26:15','1986-07-21 16:13:34'),(72,4,92,'Nihil maiores placeat qui ullam maxime maiores. Error odio ut omnis molestiae molestiae est. Suscipit commodi ex distinctio. Eveniet quibusdam quia quia perspiciatis. Non sunt aliquam necessitatibus fugiat.','et',60941736,NULL,'2001-11-06 13:15:59','1978-08-12 10:55:34'),(73,1,9,'Sequi sapiente expedita quia cupiditate laudantium. Occaecati officiis omnis maiores adipisci. Veniam omnis eligendi dolore iure. Quo cupiditate vel amet voluptas omnis molestiae.','alias',5978717,NULL,'2021-05-24 12:02:13','1977-09-27 13:07:43'),(74,2,56,'Magni perferendis est possimus aut sunt. Placeat nisi est enim sapiente. Autem consequatur saepe sequi. Exercitationem nostrum mollitia laudantium et quod iusto nihil ratione.','minima',3862690,NULL,'1984-01-10 08:52:04','1981-05-17 04:12:26'),(75,3,72,'Dolores id debitis quibusdam dolorum quia vel officia non. Eaque provident et eius et et ut. Placeat quisquam ut voluptate ut. Aliquid a omnis harum sunt.','quisquam',3798146,NULL,'1985-05-29 13:20:23','2015-06-18 02:43:22'),(76,4,26,'Nisi sit sunt explicabo molestiae cupiditate eum. Corporis tenetur voluptatibus molestiae quo. Consectetur labore a cum odio dolor libero qui earum.','soluta',8,NULL,'1986-02-23 05:48:00','2011-03-03 07:49:12'),(77,1,99,'Dicta voluptas enim saepe sunt laudantium quia maxime. Et exercitationem non non nihil et fuga. Accusantium officiis dicta doloribus quae voluptatum expedita modi est.','voluptatem',832,NULL,'2015-10-18 08:38:40','2003-08-13 07:00:41'),(78,2,72,'Et adipisci quis quasi molestiae illum. Accusantium esse aperiam nemo voluptates impedit repellendus explicabo. Et quidem aut ut voluptatem eos aliquam iste dolorem. Quibusdam aut impedit id nam.','reprehenderit',288644,NULL,'2018-02-22 06:56:40','2005-07-28 14:59:48'),(79,3,2,'Est ea quasi molestiae. Nihil est perferendis voluptas voluptas repellendus. Nam vero quo voluptatem sed quia porro et.','veritatis',0,NULL,'1987-12-30 08:08:40','2000-10-04 10:29:59'),(80,4,73,'Repellendus distinctio voluptas totam corporis nobis. Modi error assumenda sunt blanditiis et. Rerum asperiores ea aut porro ut numquam. Placeat sed itaque aperiam incidunt fugiat.','accusantium',2823,NULL,'1982-08-30 23:15:41','2013-07-29 20:14:46'),(81,1,45,'Aut dolorem rerum nostrum officiis sit ipsa. Omnis nam sit quaerat aut. Aut quae deserunt eaque ducimus.','ab',437185355,NULL,'2000-11-10 13:56:52','2002-12-23 11:23:04'),(82,2,44,'Aut ut facere possimus sunt deserunt vel. Tempora est dolores omnis consequuntur unde minus consequuntur enim. Et accusamus officiis rerum consequatur quo repellat ipsum.','fugit',64010994,NULL,'2001-06-20 07:17:52','1997-04-30 03:06:06'),(83,3,42,'Eveniet culpa id consequatur dicta sit. Doloremque deleniti omnis porro recusandae quo modi. Porro officiis voluptate dicta provident odio esse optio.','aperiam',1084,NULL,'2005-06-12 22:30:50','1975-10-22 22:52:50'),(84,4,19,'Suscipit at fuga quia corporis magnam accusamus possimus ea. Omnis ducimus et corporis consectetur. Illum incidunt deleniti et perspiciatis tempora consequatur.','repellat',3,NULL,'1977-12-18 01:54:54','2007-04-10 06:24:14'),(85,1,67,'Totam vero numquam aut atque officiis. Officia magni nesciunt eos quis. Sed et magni molestiae et voluptatem quam odit. Expedita dolor recusandae reprehenderit consectetur ut quas.','unde',3450,NULL,'1979-07-19 01:32:22','1976-02-15 01:32:32'),(86,2,9,'Vitae reiciendis ullam vitae porro odio voluptas animi. Explicabo sed officia atque doloremque aliquid at tenetur. Ex doloribus illo repellendus delectus cumque.','explicabo',0,NULL,'1971-12-07 08:04:40','1973-10-03 09:22:47'),(87,3,76,'Magni neque id consectetur et minima tempora nisi. Possimus repudiandae quia assumenda eius consequatur ut.','qui',749212,NULL,'1984-07-22 07:25:10','2003-07-19 03:53:49'),(88,4,99,'Ex aliquam quas esse ipsa. Aut rem corrupti fugiat debitis fugiat saepe.','possimus',34187,NULL,'2006-10-05 18:23:59','2004-07-23 02:35:20'),(89,1,100,'Molestiae voluptas repellendus molestiae consequatur necessitatibus porro sint. Aperiam necessitatibus iusto quia sint aut blanditiis neque. Labore quis sit sint neque eaque id perspiciatis. Totam modi et tempore rerum repellendus.','officiis',4940,NULL,'1984-12-25 23:36:36','1993-11-30 22:31:02'),(90,2,29,'Id et nemo culpa enim id omnis qui. In suscipit quasi et culpa. Suscipit molestiae minus aut expedita necessitatibus et et voluptatem.','et',0,NULL,'2004-02-14 02:06:51','2000-03-29 12:37:27'),(91,3,89,'Et deserunt quis nihil voluptatem voluptas minus omnis. Voluptatum fugit explicabo at asperiores provident nemo aliquid. Quae dolorem porro qui nulla.','illum',9513772,NULL,'1976-11-11 23:13:37','1999-04-19 05:25:29'),(92,4,64,'Asperiores molestiae voluptates nam. Numquam eum quas et. Non ut porro in.','ipsa',5,NULL,'1972-04-21 05:32:46','1975-05-04 15:00:03'),(93,1,90,'Labore nam incidunt animi fuga ut voluptatibus. Consequatur ab beatae corrupti ratione. Earum eveniet molestias earum provident voluptatibus.','velit',7,NULL,'2006-04-13 06:23:03','1985-07-19 19:52:05'),(94,2,1,'Consequatur sunt qui sed error repudiandae. Minus accusamus accusamus qui quo.','beatae',1912467,NULL,'2001-03-23 02:08:40','2012-12-08 03:04:28'),(95,3,6,'Enim esse assumenda eligendi ut. Hic fugit repellat omnis minus odit hic dolor. Dolores itaque eligendi ea totam distinctio quia libero. Pariatur id fuga nihil.','nostrum',19210,NULL,'2009-10-13 17:07:19','1987-07-01 19:58:54'),(96,4,53,'Eos pariatur maxime sapiente debitis eaque repellendus. Sed omnis nesciunt delectus in doloremque perferendis magnam. Debitis repellat in qui vel.','nam',3718,NULL,'1972-11-08 08:35:06','1975-10-08 23:14:21'),(97,1,28,'Beatae fuga consequuntur ut perferendis ad in quis molestiae. Rerum minus sint magnam optio quis deleniti tenetur. Assumenda quas quisquam cumque officiis illum. Eos molestiae architecto reiciendis expedita nisi dolores id.','fuga',634,NULL,'2013-11-25 08:40:05','1971-03-04 00:59:31'),(98,2,50,'Rerum accusamus iste est amet autem. Illo molestiae nulla et totam incidunt officia in. Blanditiis modi dolorem voluptatem non.','est',0,NULL,'1977-11-03 19:51:15','1982-05-14 09:11:05'),(99,3,43,'Placeat est quis omnis sed quis. Et earum asperiores dicta in. Reiciendis officia id sunt qui voluptatibus nihil. Praesentium mollitia voluptatem fugit aut sapiente ut. Soluta dolor atque impedit aut rem omnis quo.','nihil',34573,NULL,'2001-02-17 22:45:39','2015-09-23 09:19:31'),(100,4,38,'Porro mollitia quia numquam qui qui. Tenetur atque atque dolores aliquid dicta consectetur adipisci. Qui ipsum suscipit dolorem. Recusandae molestiae est et dignissimos voluptatem.','corporis',1775949,NULL,'2015-03-06 16:00:30','2021-01-05 01:48:55');
/*!40000 ALTER TABLE `media` ENABLE KEYS */;
UNLOCK TABLES;

--
-- Table structure for table `media_types`
--

DROP TABLE IF EXISTS `media_types`;
/*!40101 SET @saved_cs_client     = @@character_set_client */;
/*!40101 SET character_set_client = utf8 */;
CREATE TABLE `media_types` (
  `id` bigint(20) unsigned NOT NULL AUTO_INCREMENT,
  `name` varchar(255) COLLATE utf8mb4_unicode_ci DEFAULT NULL,
  `created_at` datetime DEFAULT current_timestamp(),
  `updated_at` datetime DEFAULT current_timestamp() ON UPDATE current_timestamp(),
  PRIMARY KEY (`id`)
) ENGINE=InnoDB AUTO_INCREMENT=5 DEFAULT CHARSET=utf8mb4 COLLATE=utf8mb4_unicode_ci;
/*!40101 SET character_set_client = @saved_cs_client */;

--
-- Dumping data for table `media_types`
--

LOCK TABLES `media_types` WRITE;
/*!40000 ALTER TABLE `media_types` DISABLE KEYS */;
INSERT INTO `media_types` VALUES (1,'cupiditate','2017-09-12 22:26:12','1971-02-25 21:40:00'),(2,'ut','2012-12-22 04:36:54','1988-12-14 21:37:44'),(3,'inventore','1982-01-08 19:34:07','1991-03-27 03:32:51'),(4,'laudantium','2017-10-01 10:50:24','2016-10-18 15:33:35');
/*!40000 ALTER TABLE `media_types` ENABLE KEYS */;
UNLOCK TABLES;

--
-- Table structure for table `messages`
--

DROP TABLE IF EXISTS `messages`;
/*!40101 SET @saved_cs_client     = @@character_set_client */;
/*!40101 SET character_set_client = utf8 */;
CREATE TABLE `messages` (
  `id` bigint(20) unsigned NOT NULL AUTO_INCREMENT,
  `from_user_id` bigint(20) unsigned NOT NULL,
  `to_user_id` bigint(20) unsigned NOT NULL,
  `body` text COLLATE utf8mb4_unicode_ci DEFAULT NULL,
  `created_at` datetime DEFAULT current_timestamp(),
  PRIMARY KEY (`id`),
  KEY `from_user_id` (`from_user_id`),
  KEY `to_user_id` (`to_user_id`),
  CONSTRAINT `messages_ibfk_1` FOREIGN KEY (`from_user_id`) REFERENCES `users` (`id`) ON DELETE CASCADE ON UPDATE CASCADE,
  CONSTRAINT `messages_ibfk_2` FOREIGN KEY (`to_user_id`) REFERENCES `users` (`id`) ON DELETE CASCADE ON UPDATE CASCADE
) ENGINE=InnoDB AUTO_INCREMENT=101 DEFAULT CHARSET=utf8mb4 COLLATE=utf8mb4_unicode_ci;
/*!40101 SET character_set_client = @saved_cs_client */;

--
-- Dumping data for table `messages`
--

LOCK TABLES `messages` WRITE;
/*!40000 ALTER TABLE `messages` DISABLE KEYS */;
INSERT INTO `messages` VALUES (1,1,1,'Natus corporis quaerat cumque cum quis labore architecto adipisci. Voluptatum suscipit fugit quis. Maxime repellendus ut qui dolores quibusdam non aut et. Laboriosam voluptatibus odit sit id numquam officiis error.','1980-03-10 13:43:08'),(2,2,2,'Tenetur laudantium laborum sapiente ab. Sit cumque est saepe autem rerum nisi. Iure porro ex adipisci pariatur non.','2006-03-09 20:08:22'),(3,3,3,'Et non necessitatibus voluptatibus qui. A necessitatibus nemo nihil deleniti numquam ut. Provident inventore voluptas ratione vel accusamus dicta alias.','2020-07-23 10:56:35'),(4,4,4,'Sunt error magnam repellat maiores ut necessitatibus ducimus eum. Omnis et dolores enim quae. Officiis esse eveniet beatae ut et sapiente. Repellat nulla doloremque consequuntur aut ut.','2006-01-13 16:12:21'),(5,5,5,'Omnis fugit repellat laudantium ut illum repellat expedita dolorem. Iure ut suscipit ipsum libero. Ut possimus explicabo qui dicta nemo. Debitis culpa enim doloribus et saepe molestias inventore.','1977-03-24 01:44:20'),(6,6,6,'Culpa et magnam sed unde sit nesciunt. Corporis velit quis deserunt. Voluptas et saepe quia dolorem voluptatem officia.','1988-10-25 04:41:47'),(7,7,7,'Et libero voluptas error rem voluptas sit aut sint. Cupiditate praesentium aut eos sapiente. Nihil dolores et facilis dolores et.','1972-06-26 04:12:05'),(8,8,8,'Beatae eaque voluptatem libero nihil atque dolorem dolorum. Nihil ut consequuntur aspernatur ut. Aut facilis esse officia similique eligendi eveniet. Aut iste amet voluptate rem magnam.','2014-08-23 23:10:51'),(9,9,9,'Qui quam unde qui qui molestias. Vero vel ut esse vero hic et quo. Autem nihil praesentium dignissimos vitae dolorem quasi. Perferendis et qui omnis fuga dolor aut non ea.','1985-12-22 14:05:10'),(10,10,10,'Aut maxime quia ullam quo voluptatem. Deleniti odit corporis tenetur consectetur. Delectus ut quia quidem ut. Assumenda commodi rerum ut similique id.','1980-04-15 05:02:43'),(11,11,11,'Maiores necessitatibus doloremque placeat aut sed. Quod voluptatum ducimus ex quibusdam quam facere vel repellat. Veniam sint blanditiis molestias aut. Esse sequi in minus corrupti.','2001-11-25 16:47:20'),(12,12,12,'Harum qui fugiat saepe. Deserunt et quam numquam magnam enim. Consequatur adipisci commodi sunt facilis nemo.','1998-04-05 08:49:51'),(13,13,13,'Ab consequuntur dignissimos rem ut et. Iste quam et sed quas veritatis quo. Facilis dolorum et delectus adipisci temporibus. Et cumque qui et ut repellendus. Distinctio nihil quia odit aut veritatis numquam.','1979-08-04 12:30:57'),(14,14,14,'Velit voluptas repudiandae animi sed. Rerum est itaque maxime totam. Neque excepturi qui quo et est incidunt. Ad dolorem quaerat modi qui sunt pariatur consequatur.','1993-04-28 09:19:22'),(15,15,15,'Dolor et veniam rerum aut illo. In amet ullam aut nemo qui saepe at.','1979-04-23 09:07:33'),(16,16,16,'Corporis dolor magni autem distinctio eaque asperiores sapiente ullam. Repudiandae cum laboriosam repellat. Corporis ut perspiciatis sint. Beatae nemo omnis omnis sed rem.','2004-03-29 23:10:43'),(17,17,17,'Nulla quasi dicta illo voluptatem vel. Animi qui similique rerum ut et dolore. Ut dolor aut incidunt in.','1991-03-24 07:58:30'),(18,18,18,'Sit eligendi fuga ea blanditiis totam est. Natus totam ullam quo. Aliquid in libero sapiente rerum nostrum qui.','2008-12-25 21:51:08'),(19,19,19,'Id quod occaecati delectus aliquid reprehenderit. Qui in reprehenderit eum vel reprehenderit tempora distinctio.','1982-11-16 23:42:19'),(20,20,20,'Totam odio neque dolores doloribus repudiandae ut. Labore iusto similique quisquam et molestias est cupiditate. Repudiandae dolore quod asperiores sunt atque eum.','1991-03-12 03:15:33'),(21,21,21,'Et voluptas dicta odit sit ut. Nulla magnam et consectetur. Nulla et quia tenetur ut.','2019-05-12 09:00:17'),(22,22,22,'Id animi quasi eum tenetur. At repellendus recusandae non dolor molestiae voluptate pariatur.','2006-02-02 10:31:13'),(23,23,23,'Voluptas perferendis aliquid est nemo qui nihil. Exercitationem expedita rerum aut corrupti iste neque.','2004-03-21 09:51:37'),(24,24,24,'Voluptatum ad laudantium eum at eum in sit. Ipsum aut distinctio repellat exercitationem ab ipsum. Eos omnis reiciendis nam ut.','1970-11-12 15:22:23'),(25,25,25,'Expedita eligendi atque eum dignissimos at adipisci iure. Quibusdam vel qui voluptate praesentium quidem id. Optio sit inventore explicabo nam. Sed maiores illo eius illum et.','1998-02-06 12:46:37'),(26,26,26,'Voluptas nulla exercitationem qui non. Molestias labore expedita aut nulla ex soluta qui. Sed vel nam cum asperiores fugit quibusdam. Nostrum itaque molestiae maxime id asperiores debitis.','1994-07-06 18:35:09'),(27,27,27,'Ut rerum alias nostrum autem nemo blanditiis vel. Commodi ullam ut qui eaque praesentium libero praesentium. Voluptatem animi et quidem quos voluptas sint. Voluptas voluptatem consequuntur cum deleniti.','1972-11-28 06:56:02'),(28,28,28,'Dicta ut veritatis dolorem aperiam qui dolor quae. Voluptas consequatur omnis quia quidem beatae velit ipsa. Autem est ducimus in eum.','2016-04-18 11:49:49'),(29,29,29,'Est delectus sapiente expedita qui saepe sed. Eligendi soluta voluptas voluptates cupiditate qui molestiae voluptas. Consequatur vel quia et sed. Qui magni est eos provident quis aut.','1972-04-03 20:26:17'),(30,30,30,'In iusto iure quia et distinctio optio illum fugiat. Qui aut perferendis ipsum delectus molestiae.','1975-08-16 04:35:10'),(31,31,31,'Ipsa ex dolorum reiciendis error. Eius in sit dolor reprehenderit temporibus. Numquam vero nihil sunt. Autem cupiditate nesciunt et sed.','1972-10-17 02:54:32'),(32,32,32,'Voluptas quasi repellendus nesciunt facilis ab. Quisquam ut minima dolores aut quas. Eum occaecati eligendi dolore rerum.','1981-03-20 14:34:21'),(33,33,33,'Temporibus voluptatem eius error tempore. Dolorem libero sed velit. Et quos et amet ut. Eos nobis nihil reprehenderit. Eius fugit non numquam et perferendis error.','1973-04-15 04:39:13'),(34,34,34,'Fugiat est sequi sit voluptatem. Sapiente alias eligendi ipsam. Autem vel iure cupiditate doloremque enim aut voluptates itaque.','2013-01-17 19:08:14'),(35,35,35,'Voluptates veritatis inventore quaerat officiis hic sit. In in dolor cum dolorum qui doloremque molestiae. Vero ex odit iusto ex laborum vero.','1975-12-15 00:52:34'),(36,36,36,'Quidem et unde esse rerum quo et nam. Cupiditate saepe molestiae ut voluptas tenetur. Expedita suscipit recusandae qui repellat. Sunt illo saepe ipsam est ab.','2018-08-19 01:57:55'),(37,37,37,'Ut asperiores est laboriosam porro nemo exercitationem maxime quod. Aut accusantium quasi suscipit tempora minus consequatur delectus. Corporis dolor voluptate est placeat. Soluta voluptatem quos et dignissimos ex ducimus ut.','1983-02-28 21:48:41'),(38,38,38,'Odit blanditiis illo cupiditate. Qui esse laudantium vitae iste dolor libero. Aut iusto dolores omnis a adipisci officiis et.','1994-09-05 02:48:06'),(39,39,39,'Ex esse eum ullam error autem odit similique. Ex non harum est quia. Aut est maxime tenetur eos dicta voluptatem. Debitis ex fugiat magnam neque.','2006-12-15 04:58:35'),(40,40,40,'Explicabo cumque quam quis ad facere sint id. Quo quam voluptatum placeat nisi quas placeat sunt.','1981-05-24 19:13:44'),(41,41,41,'Error itaque excepturi aperiam velit quam. Deserunt et sed omnis officia. Reiciendis voluptas pariatur recusandae libero pariatur.','2019-06-07 03:12:40'),(42,42,42,'Enim iusto et ex non. Praesentium blanditiis numquam maiores pariatur vel doloribus et. Est inventore eos voluptatem. Ut quo porro id eum voluptatem.','1994-09-29 06:48:56'),(43,43,43,'Mollitia nulla quo quam doloremque sit non sit. Cum dolor quaerat earum sunt possimus sed assumenda recusandae. Rerum aliquid non nesciunt saepe et voluptatum.','1995-03-18 08:42:29'),(44,44,44,'Aut nostrum laboriosam voluptatum amet possimus. Dignissimos nam consequatur et nulla illum. Et est vel ut quia perspiciatis.','2017-06-28 20:17:26'),(45,45,45,'Ut fugiat inventore sunt veniam optio. Veritatis omnis quasi omnis. Eos sequi dolorum laborum voluptate laborum molestiae error.','1989-07-05 23:22:40'),(46,46,46,'Ipsum mollitia consequuntur animi fugiat doloribus voluptas odit voluptatem. In laudantium et iste est ipsam veritatis id. Aut sit rerum et ut. Quae expedita quis hic animi voluptatibus.','1983-01-20 20:14:57'),(47,47,47,'Quod excepturi vero a velit. In rerum culpa quasi adipisci officia vel. Sed est aut voluptatem cum explicabo laboriosam id eos.','1972-09-25 03:39:59'),(48,48,48,'Ipsum ut perspiciatis beatae dolor tenetur perspiciatis eaque. Voluptate inventore soluta laudantium odio. Omnis deserunt qui voluptatem modi.','2007-04-08 23:00:36'),(49,49,49,'Voluptatem aut ex qui quia voluptatem eum. Ea omnis labore nobis sunt quo iure. Cupiditate officia cumque hic dignissimos sequi molestiae voluptatibus. Explicabo consequatur iusto dignissimos eius.','1971-12-05 23:04:25'),(50,50,50,'Voluptatem dolorum eaque labore iusto. Facilis enim sint vel. Nihil assumenda ducimus unde ut voluptas. Minima quis id numquam.','1982-12-03 22:54:35'),(51,51,51,'Autem sed maiores sunt quod quo et. Cupiditate dolore earum consequuntur exercitationem repellendus quidem omnis temporibus. Nesciunt ratione quasi cum ipsam eveniet non. Provident totam non et voluptate.','1978-04-13 21:56:20'),(52,52,52,'Et libero nostrum eos quod. Sit dicta debitis eos iusto. Eligendi explicabo tempora cupiditate rerum aut. Hic autem at aut dolorem.','2000-06-19 21:46:51'),(53,53,53,'Minus impedit et labore in. Accusamus facilis deleniti et tempore. Est dolor iusto suscipit ipsa assumenda.','2020-05-03 16:08:31'),(54,54,54,'Non expedita quaerat eos similique amet et quo. Cumque nostrum et est temporibus doloremque ea quos.','2020-03-05 08:14:38'),(55,55,55,'Sunt cumque qui ratione. Dolor quibusdam voluptate qui quia. At et placeat quo odit deleniti molestias. Ut accusantium non dolor beatae fuga.','1981-08-24 00:51:57'),(56,56,56,'Quae neque exercitationem doloremque vel eaque quas consequatur. Omnis deserunt placeat voluptatibus nobis possimus nam. Vel et illum laudantium alias temporibus architecto. Consequatur ipsa eum et iure totam. Eligendi atque quae qui vero ad iusto et.','1983-07-05 16:52:25'),(57,57,57,'Quisquam sunt sequi debitis dolorum. Explicabo enim accusantium suscipit impedit labore quia. Sit accusamus ut libero sint.','1982-01-29 15:38:28'),(58,58,58,'Et ad optio cum. Dolorum tempora veritatis perferendis. Illum aut reiciendis laboriosam natus reiciendis magnam totam. Neque quia pariatur et nobis est.','2004-03-18 06:59:13'),(59,59,59,'Et maxime suscipit praesentium quibusdam et culpa quidem. Omnis recusandae ex enim dolorem. Quam rerum voluptatem vel fugit qui illo quia doloribus.','1994-04-10 04:22:23'),(60,60,60,'Aut officia voluptatem libero voluptatibus dolor fugit et. Esse commodi ea expedita saepe temporibus. In a earum culpa tempora. Est officia nisi repellendus consequatur.','2016-10-10 08:11:14'),(61,61,61,'Ut laborum quia eos at. Tempora qui tempore ducimus sequi. Et consequatur voluptas unde et. Non accusamus consequuntur hic dolorem officia sapiente pariatur velit.','2002-07-29 18:34:08'),(62,62,62,'Est aperiam quas enim provident rerum velit aspernatur. Distinctio id saepe vitae et ullam tempora. Eligendi fugit minima et minima sed illo. Perferendis eius mollitia nam exercitationem ut voluptatem deserunt enim. Tempora sunt cumque omnis fuga ut aut facilis.','1989-01-31 10:27:57'),(63,63,63,'Culpa nam sit aut consequatur consequatur beatae voluptate. Quo rerum voluptatibus dolore. Necessitatibus nostrum animi quasi illum.','1986-03-24 02:34:04'),(64,64,64,'Sit incidunt vero sint et. Illo ut omnis quo. Provident vero sapiente eos recusandae recusandae quia enim maxime. Inventore voluptatem nemo aspernatur sunt quia.','1978-06-04 11:04:38'),(65,65,65,'Enim soluta ut facere quae est labore. Eum qui voluptas sed vitae sint impedit. Aperiam blanditiis quia doloremque.','1995-04-15 04:27:03'),(66,66,66,'Beatae vitae numquam aspernatur minus possimus sunt. Qui rem illum aut quaerat qui nisi quia. Eius voluptate rerum fuga ut aut enim quam.','2008-11-26 10:43:43'),(67,67,67,'Aspernatur est tenetur est dolores. Eaque sequi assumenda et perferendis. Sunt velit voluptatum amet iure at dignissimos nobis.','2001-01-23 04:31:23'),(68,68,68,'Incidunt esse nulla natus consequuntur nostrum asperiores accusantium. Placeat molestiae maiores nisi eos dolor quaerat reprehenderit soluta. Natus dolorem occaecati atque veniam. Aut perferendis provident rerum quidem inventore ut.','1980-05-08 04:02:24'),(69,69,69,'Eveniet occaecati quas officia ut earum autem et. Sed aut nobis necessitatibus iure facilis. Qui nesciunt sapiente voluptas ut nobis. Incidunt id veniam quaerat ducimus quaerat non laudantium.','1989-04-09 12:08:17'),(70,70,70,'Quia iure inventore quibusdam. Omnis impedit laboriosam quo ut sed.','1971-12-09 12:41:24'),(71,71,71,'Vel qui nisi et voluptatem ipsam ex quasi. Nisi eum ea delectus officiis perferendis. Excepturi ipsa doloremque quia dolorem occaecati culpa. Dolor sit esse voluptatem minus. Maiores dolor qui perspiciatis est non qui ducimus.','1989-01-01 18:58:55'),(72,72,72,'Vel autem tempora ut inventore iste nostrum vel in. Aut nihil est saepe laudantium voluptatibus sit. Repellendus cupiditate sit qui reprehenderit est id.','2014-02-27 22:06:37'),(73,73,73,'Quis reiciendis fugit reiciendis consequatur aut. Ipsum laboriosam mollitia dolores quas. Consectetur sed ut velit ea id aspernatur.','2017-12-14 14:42:20'),(74,74,74,'Ut vel facere in nihil voluptate. Iure quia dolor ut iure quo. Saepe quibusdam laudantium amet quia.','1999-04-10 23:30:23'),(75,75,75,'Similique voluptas laudantium illo vero labore aut. Eaque possimus optio molestias quaerat ad in dolores molestiae. Id libero nihil non aut. Nobis exercitationem atque ut mollitia placeat.','2008-08-21 17:31:26'),(76,76,76,'Maxime sint expedita enim ut. Commodi molestias reprehenderit rerum odio veniam. Architecto voluptas similique ratione repellendus quos sed. Officia laborum sunt dolor quo id.','1996-04-28 10:31:05'),(77,77,77,'Quis fuga quia molestiae laudantium ea quam. Dolores nihil aut animi voluptatem. Natus reprehenderit consequuntur sit recusandae architecto ut consequatur.','2002-05-27 19:05:55'),(78,78,78,'Et ipsam esse minima impedit. Occaecati necessitatibus sit illo eius ad. Voluptatibus et ut aut officia eius beatae excepturi. Dolorum hic nisi eligendi laborum.','2001-05-16 03:30:10'),(79,79,79,'Aut explicabo et sed sapiente ipsum illum dolorem. Omnis est rerum sunt aliquid voluptas sed harum. Omnis voluptatem consequatur natus quisquam non. Ipsa vel similique vel.','2016-01-23 06:13:56'),(80,80,80,'Fuga laboriosam quidem cum animi voluptatem iusto. Sint reiciendis qui et similique harum dolorem voluptas. Nostrum nemo qui consequatur deleniti officiis ipsam eum est.','2019-11-08 21:40:48'),(81,81,81,'Nam repellat ipsam enim et quia harum. Officiis est doloremque et omnis. Eos illum et earum et. Id vel qui adipisci natus eos distinctio.','1978-12-21 03:01:04'),(82,82,82,'Officiis ea qui sunt non et quidem voluptas. Iste adipisci corrupti quo magni. At excepturi omnis alias modi aut.','1993-09-07 03:04:36'),(83,83,83,'Doloremque aut natus nemo veritatis dolores et similique. Minus rem et omnis voluptatem. Corporis ipsam assumenda voluptas soluta qui. Porro magnam accusantium eum.','2020-08-01 03:36:03'),(84,84,84,'Alias voluptas eos ratione minima. Qui ut error delectus vel. Qui distinctio fuga eos pariatur consequatur voluptatibus.','1984-01-29 08:42:12'),(85,85,85,'Aut qui dolorum suscipit molestiae omnis. In iure deserunt sint quo totam. Ad omnis quo aut. Rem molestias illum voluptate nihil optio porro molestiae.','2002-12-08 04:31:11'),(86,86,86,'Voluptatibus debitis explicabo eos nobis ea deleniti. Consequatur sequi at praesentium dicta placeat. Explicabo nihil vel temporibus neque. Aut nihil modi voluptatibus vero debitis.','2021-05-07 12:20:24'),(87,87,87,'Quae sed reprehenderit qui excepturi error officiis. Autem atque fugit beatae sed. Sunt excepturi aliquid velit nam.','1970-12-16 21:49:00'),(88,88,88,'Sit ut laudantium eius atque quia. Nobis molestiae omnis nobis nostrum quasi id.','2011-01-31 19:32:22'),(89,89,89,'Quaerat quidem molestias et repellendus. Iusto accusantium dolorum aut pariatur. Est ut quibusdam ab voluptatibus adipisci velit excepturi. Eos ut ipsam dolorem sed aut aut.','2020-03-28 22:11:09'),(90,90,90,'Eveniet harum harum suscipit inventore nihil veniam. Aut modi amet quod consequatur. Natus inventore et voluptatibus magnam voluptatem ut itaque aut.','1981-08-06 14:54:22'),(91,91,91,'Harum sed sit doloribus dicta quisquam. Consequatur incidunt qui exercitationem sequi qui cum est quo. Aut ut dolores voluptate. Qui odio laborum quae debitis nostrum impedit consectetur perspiciatis.','2002-04-08 18:28:58'),(92,92,92,'Accusantium asperiores fugit sed sapiente. Distinctio quis veritatis minus quia. Iusto et quo officia sequi ea beatae. Laudantium aut unde error qui aliquam rem.','2017-06-02 18:05:29'),(93,93,93,'Excepturi inventore quia labore voluptatum delectus vitae. Placeat aliquid et debitis impedit et. Saepe quia deleniti sit placeat. Laudantium voluptas quae perferendis est.','2012-06-14 01:51:24'),(94,94,94,'Quidem aut quam assumenda itaque harum voluptatem aut. Quos officia et veniam eum earum quos voluptas. Dolor molestiae quae fugit est dolorem. Cupiditate officia odit omnis.','1989-11-30 13:05:33'),(95,95,95,'Qui vero culpa odio officia officia eius. Hic architecto fuga qui minima ratione accusantium. Repellendus incidunt totam nulla est illo id.','1978-07-11 23:14:09'),(96,96,96,'Occaecati magni fuga suscipit in. Natus quas et temporibus voluptatem.','1993-11-02 16:17:01'),(97,97,97,'Sed voluptas facere cumque. Ab non porro explicabo repellat unde aliquam pariatur. Ratione nostrum repellendus quia doloribus. Perspiciatis voluptas consequatur voluptate aut quaerat dolorem.','1976-01-23 16:28:32'),(98,98,98,'Nihil ut voluptatem natus eveniet velit dolor aspernatur. Officiis incidunt ea veritatis architecto libero. Consectetur et aut et hic. Consectetur recusandae ut doloremque fugiat id cupiditate.','2013-03-24 16:11:32'),(99,99,99,'Quos consectetur delectus aspernatur voluptates est in atque. Ipsum veritatis delectus voluptatem sint ad consequatur praesentium. Enim officiis tenetur maiores. Est qui ipsa sit sed dignissimos earum.','1973-04-28 09:35:26'),(100,100,100,'Quia facilis dolore voluptas debitis eos et aut vitae. Sed sed corrupti repudiandae aut ea. Rem dolorem qui est incidunt.','1974-01-22 09:11:15');
/*!40000 ALTER TABLE `messages` ENABLE KEYS */;
UNLOCK TABLES;

--
-- Table structure for table `photo_albums`
--

DROP TABLE IF EXISTS `photo_albums`;
/*!40101 SET @saved_cs_client     = @@character_set_client */;
/*!40101 SET character_set_client = utf8 */;
CREATE TABLE `photo_albums` (
  `id` bigint(20) unsigned NOT NULL AUTO_INCREMENT,
  `name` varchar(255) COLLATE utf8mb4_unicode_ci DEFAULT NULL,
  `user_id` bigint(20) unsigned DEFAULT NULL,
  PRIMARY KEY (`id`),
  UNIQUE KEY `id` (`id`),
  KEY `user_id` (`user_id`),
  CONSTRAINT `photo_albums_ibfk_1` FOREIGN KEY (`user_id`) REFERENCES `users` (`id`) ON DELETE SET NULL ON UPDATE CASCADE
) ENGINE=InnoDB AUTO_INCREMENT=101 DEFAULT CHARSET=utf8mb4 COLLATE=utf8mb4_unicode_ci;
/*!40101 SET character_set_client = @saved_cs_client */;

--
-- Dumping data for table `photo_albums`
--

LOCK TABLES `photo_albums` WRITE;
/*!40000 ALTER TABLE `photo_albums` DISABLE KEYS */;
INSERT INTO `photo_albums` VALUES (1,'rerum',1),(2,'suscipit',2),(3,'ut',3),(4,'eveniet',4),(5,'quod',5),(6,'est',6),(7,'ipsam',7),(8,'sed',8),(9,'harum',9),(10,'velit',10),(11,'provident',11),(12,'autem',12),(13,'illo',13),(14,'quam',14),(15,'molestiae',15),(16,'fugiat',16),(17,'ipsa',17),(18,'excepturi',18),(19,'delectus',19),(20,'officia',20),(21,'quisquam',21),(22,'eaque',22),(23,'fugit',23),(24,'veniam',24),(25,'corporis',25),(26,'eum',26),(27,'cupiditate',27),(28,'aut',28),(29,'nihil',29),(30,'similique',30),(31,'cumque',31),(32,'similique',32),(33,'rerum',33),(34,'deserunt',34),(35,'commodi',35),(36,'et',36),(37,'amet',37),(38,'amet',38),(39,'ut',39),(40,'cupiditate',40),(41,'quisquam',41),(42,'magni',42),(43,'molestias',43),(44,'voluptates',44),(45,'eos',45),(46,'repellendus',46),(47,'ea',47),(48,'ullam',48),(49,'eos',49),(50,'qui',50),(51,'est',51),(52,'illo',52),(53,'voluptatem',53),(54,'veniam',54),(55,'expedita',55),(56,'iste',56),(57,'repellendus',57),(58,'omnis',58),(59,'hic',59),(60,'ipsam',60),(61,'corporis',61),(62,'quia',62),(63,'dolorum',63),(64,'quaerat',64),(65,'sunt',65),(66,'harum',66),(67,'non',67),(68,'consequatur',68),(69,'odio',69),(70,'odio',70),(71,'minima',71),(72,'eligendi',72),(73,'accusamus',73),(74,'quasi',74),(75,'tempore',75),(76,'consequatur',76),(77,'est',77),(78,'corporis',78),(79,'molestias',79),(80,'et',80),(81,'inventore',81),(82,'debitis',82),(83,'distinctio',83),(84,'et',84),(85,'maxime',85),(86,'voluptas',86),(87,'corporis',87),(88,'velit',88),(89,'officiis',89),(90,'quam',90),(91,'velit',91),(92,'dolorum',92),(93,'enim',93),(94,'quo',94),(95,'ut',95),(96,'explicabo',96),(97,'doloribus',97),(98,'dignissimos',98),(99,'veniam',99),(100,'non',100);
/*!40000 ALTER TABLE `photo_albums` ENABLE KEYS */;
UNLOCK TABLES;

--
-- Table structure for table `photos`
--

DROP TABLE IF EXISTS `photos`;
/*!40101 SET @saved_cs_client     = @@character_set_client */;
/*!40101 SET character_set_client = utf8 */;
CREATE TABLE `photos` (
  `id` bigint(20) unsigned NOT NULL AUTO_INCREMENT,
  `album_id` bigint(20) unsigned NOT NULL,
  `media_id` bigint(20) unsigned NOT NULL,
  PRIMARY KEY (`id`),
  KEY `album_id` (`album_id`),
  KEY `media_id` (`media_id`),
  CONSTRAINT `photos_ibfk_1` FOREIGN KEY (`album_id`) REFERENCES `photo_albums` (`id`) ON DELETE CASCADE ON UPDATE CASCADE,
  CONSTRAINT `photos_ibfk_2` FOREIGN KEY (`media_id`) REFERENCES `media` (`id`) ON DELETE CASCADE ON UPDATE CASCADE
) ENGINE=InnoDB AUTO_INCREMENT=101 DEFAULT CHARSET=utf8mb4 COLLATE=utf8mb4_unicode_ci;
/*!40101 SET character_set_client = @saved_cs_client */;

--
-- Dumping data for table `photos`
--

LOCK TABLES `photos` WRITE;
/*!40000 ALTER TABLE `photos` DISABLE KEYS */;
INSERT INTO `photos` VALUES (1,1,1),(2,2,2),(3,3,3),(4,4,4),(5,5,5),(6,6,6),(7,7,7),(8,8,8),(9,9,9),(10,10,10),(11,11,11),(12,12,12),(13,13,13),(14,14,14),(15,15,15),(16,16,16),(17,17,17),(18,18,18),(19,19,19),(20,20,20),(21,21,21),(22,22,22),(23,23,23),(24,24,24),(25,25,25),(26,26,26),(27,27,27),(28,28,28),(29,29,29),(30,30,30),(31,31,31),(32,32,32),(33,33,33),(34,34,34),(35,35,35),(36,36,36),(37,37,37),(38,38,38),(39,39,39),(40,40,40),(41,41,41),(42,42,42),(43,43,43),(44,44,44),(45,45,45),(46,46,46),(47,47,47),(48,48,48),(49,49,49),(50,50,50),(51,51,51),(52,52,52),(53,53,53),(54,54,54),(55,55,55),(56,56,56),(57,57,57),(58,58,58),(59,59,59),(60,60,60),(61,61,61),(62,62,62),(63,63,63),(64,64,64),(65,65,65),(66,66,66),(67,67,67),(68,68,68),(69,69,69),(70,70,70),(71,71,71),(72,72,72),(73,73,73),(74,74,74),(75,75,75),(76,76,76),(77,77,77),(78,78,78),(79,79,79),(80,80,80),(81,81,81),(82,82,82),(83,83,83),(84,84,84),(85,85,85),(86,86,86),(87,87,87),(88,88,88),(89,89,89),(90,90,90),(91,91,91),(92,92,92),(93,93,93),(94,94,94),(95,95,95),(96,96,96),(97,97,97),(98,98,98),(99,99,99),(100,100,100);
/*!40000 ALTER TABLE `photos` ENABLE KEYS */;
UNLOCK TABLES;

--
-- Table structure for table `profiles`
--

DROP TABLE IF EXISTS `profiles`;
/*!40101 SET @saved_cs_client     = @@character_set_client */;
/*!40101 SET character_set_client = utf8 */;
CREATE TABLE `profiles` (
  `user_id` bigint(20) unsigned NOT NULL AUTO_INCREMENT,
  `gender` char(1) COLLATE utf8mb4_unicode_ci DEFAULT NULL,
  `birthday` date DEFAULT NULL,
  `photo_id` bigint(20) unsigned DEFAULT NULL,
  `created_at` datetime DEFAULT current_timestamp(),
  `hometown` varchar(100) COLLATE utf8mb4_unicode_ci DEFAULT NULL,
  PRIMARY KEY (`user_id`),
  KEY `fk_photo_id` (`photo_id`),
  CONSTRAINT `fk_photo_id` FOREIGN KEY (`photo_id`) REFERENCES `photos` (`id`) ON DELETE SET NULL ON UPDATE CASCADE,
  CONSTRAINT `fk_user_id` FOREIGN KEY (`user_id`) REFERENCES `users` (`id`) ON DELETE CASCADE ON UPDATE CASCADE
) ENGINE=InnoDB AUTO_INCREMENT=101 DEFAULT CHARSET=utf8mb4 COLLATE=utf8mb4_unicode_ci;
/*!40101 SET character_set_client = @saved_cs_client */;

--
-- Dumping data for table `profiles`
--

LOCK TABLES `profiles` WRITE;
/*!40000 ALTER TABLE `profiles` DISABLE KEYS */;
INSERT INTO `profiles` VALUES (1,'m','1997-06-29',1,'2005-05-31 14:41:36',NULL),(2,'f','2022-03-14',2,'1996-01-17 03:43:38',NULL),(3,'m','2022-01-28',3,'1980-07-31 16:54:28',NULL),(4,'f','1991-06-16',4,'2018-08-05 11:56:18',NULL),(5,'m','2019-04-10',5,'1994-06-24 04:48:20',NULL),(6,'m','2001-06-13',6,'1988-08-21 17:28:57',NULL),(7,'m','1978-01-09',7,'2001-12-28 17:03:36',NULL),(8,'m','1993-10-15',8,'1988-06-09 17:32:15',NULL),(9,'m','2018-03-26',9,'1999-09-16 14:22:59',NULL),(10,'m','1981-08-16',10,'2018-12-23 10:13:28',NULL),(11,'m','1978-09-21',11,'1988-09-20 22:57:14',NULL),(12,'m','1972-06-29',12,'1979-02-03 03:29:19',NULL),(13,'f','1984-11-01',13,'1998-09-16 10:21:20',NULL),(14,'m','2002-01-09',14,'2022-02-04 00:47:09',NULL),(15,'f','1989-08-01',15,'1991-05-06 01:50:02',NULL),(16,'m','1981-08-19',16,'1989-02-20 09:56:05',NULL),(17,'f','1995-04-18',17,'1972-04-15 10:26:14',NULL),(18,'f','1996-07-02',18,'1972-09-24 23:28:07',NULL),(19,'f','1975-12-06',19,'1982-05-12 19:32:43',NULL),(20,'m','1970-05-26',20,'2000-12-29 05:55:45',NULL),(21,'m','2012-04-10',21,'1974-04-08 13:18:41',NULL),(22,'m','2009-08-11',22,'2021-12-06 19:56:56',NULL),(23,'m','2014-03-30',23,'1976-03-26 07:13:53',NULL),(24,'m','1998-05-12',24,'2018-05-30 21:19:17',NULL),(25,'f','1993-05-09',25,'2011-05-12 18:39:59',NULL),(26,'m','1984-12-09',26,'1972-11-29 01:15:25',NULL),(27,'f','1980-03-14',27,'2010-07-06 09:18:20',NULL),(28,'f','1985-06-02',28,'1980-07-05 09:28:47',NULL),(29,'m','1993-05-11',29,'1982-10-02 13:25:59',NULL),(30,'m','2007-07-11',30,'2015-10-24 07:27:31',NULL),(31,'f','1973-03-26',31,'1974-06-06 05:49:20',NULL),(32,'f','2015-11-15',32,'2010-05-20 10:57:06',NULL),(33,'f','2004-06-24',33,'2019-01-19 02:42:41',NULL),(34,'f','1993-04-23',34,'2014-01-03 13:07:17',NULL),(35,'f','1978-02-18',35,'1971-04-02 10:26:46',NULL),(36,'m','1979-02-20',36,'2017-04-02 23:36:18',NULL),(37,'f','1987-06-15',37,'1971-11-07 16:47:05',NULL),(38,'m','1979-09-04',38,'2004-05-18 00:02:16',NULL),(39,'f','1979-10-15',39,'2014-12-16 11:21:42',NULL),(40,'f','2014-02-27',40,'2012-12-19 22:25:31',NULL),(41,'f','2003-11-04',41,'1982-12-12 10:50:39',NULL),(42,'m','2000-05-29',42,'1995-10-06 09:08:09',NULL),(43,'m','2016-02-05',43,'2006-06-02 12:23:06',NULL),(44,'m','1994-10-05',44,'2007-03-21 05:50:53',NULL),(45,'m','1996-08-03',45,'1973-05-07 02:03:52',NULL),(46,'m','1986-06-18',46,'1975-04-29 09:48:42',NULL),(47,'m','1990-05-05',47,'2017-12-11 09:13:52',NULL),(48,'f','2001-11-26',48,'2012-10-20 07:42:26',NULL),(49,'f','2005-10-28',49,'1979-06-16 00:43:34',NULL),(50,'m','1979-08-18',50,'1979-12-24 19:12:57',NULL),(51,'f','1983-08-29',51,'1990-02-21 08:41:25',NULL),(52,'m','1977-03-31',52,'2004-04-08 21:49:55',NULL),(53,'m','2011-06-19',53,'1977-10-28 04:03:27',NULL),(54,'f','1977-04-19',54,'2017-01-24 17:16:28',NULL),(55,'f','2021-04-20',55,'1975-04-22 05:43:47',NULL),(56,'m','1978-03-24',56,'2002-06-30 01:49:13',NULL),(57,'m','1982-09-10',57,'2002-07-19 00:41:31',NULL),(58,'m','2016-09-05',58,'2008-12-20 15:44:16',NULL),(59,'m','2006-11-30',59,'1978-12-23 22:22:55',NULL),(60,'f','1992-03-06',60,'1984-12-22 15:40:06',NULL),(61,'f','1980-03-06',61,'2009-09-16 12:49:07',NULL),(62,'f','1980-03-06',62,'1986-10-02 08:54:08',NULL),(63,'m','1990-09-22',63,'1993-11-14 02:33:45',NULL),(64,'f','2001-05-01',64,'2014-06-22 04:55:23',NULL),(65,'f','2015-11-02',65,'1980-10-10 03:11:33',NULL),(66,'m','1999-04-03',66,'2016-08-20 12:42:29',NULL),(67,'m','1971-01-14',67,'2005-01-06 01:36:11',NULL),(68,'f','2014-04-12',68,'1974-12-13 05:26:26',NULL),(69,'f','1976-02-02',69,'2009-10-16 17:05:45',NULL),(70,'m','1981-03-26',70,'2015-12-20 10:08:19',NULL),(71,'f','2004-06-21',71,'1988-08-10 04:07:28',NULL),(72,'f','1999-05-14',72,'1991-09-28 07:22:40',NULL),(73,'m','2013-02-20',73,'2010-08-06 15:57:25',NULL),(74,'f','1971-02-09',74,'1984-11-23 16:28:03',NULL),(75,'m','2006-01-19',75,'1997-04-12 19:46:42',NULL),(76,'m','1979-11-19',76,'2021-03-28 14:50:44',NULL),(77,'m','2003-02-07',77,'1988-10-10 16:56:01',NULL),(78,'f','2001-12-17',78,'2009-03-02 00:00:01',NULL),(79,'f','2005-09-26',79,'1981-05-24 19:24:58',NULL),(80,'m','1984-11-13',80,'1970-09-30 03:14:32',NULL),(81,'f','1978-06-13',81,'2013-07-02 18:25:35',NULL),(82,'f','1970-05-25',82,'1984-09-19 17:11:06',NULL),(83,'m','2001-02-24',83,'1992-08-15 17:59:56',NULL),(84,'f','1994-08-06',84,'1988-05-22 18:08:47',NULL),(85,'m','2004-07-06',85,'1985-07-01 00:30:39',NULL),(86,'f','1997-09-18',86,'2021-09-06 15:12:21',NULL),(87,'m','1995-11-24',87,'1996-09-10 16:34:46',NULL),(88,'f','1991-08-11',88,'2008-08-05 11:36:03',NULL),(89,'m','1979-07-07',89,'2018-09-06 07:48:10',NULL),(90,'m','2017-01-13',90,'1977-12-25 17:02:56',NULL),(91,'m','1981-10-17',91,'1982-10-06 19:44:41',NULL),(92,'f','2002-05-15',92,'2014-05-09 00:28:47',NULL),(93,'f','2021-02-05',93,'2010-06-12 19:16:37',NULL),(94,'f','2005-06-03',94,'1995-07-06 20:16:54',NULL),(95,'f','1996-12-07',95,'1994-11-02 10:32:56',NULL),(96,'m','2012-02-10',96,'1977-02-09 10:56:45',NULL),(97,'m','1975-11-22',97,'2000-03-13 17:20:48',NULL),(98,'f','2012-10-19',98,'1989-09-21 01:29:29',NULL),(99,'m','2002-10-16',99,'1979-05-24 17:26:24',NULL),(100,'m','2004-06-25',100,'1982-08-21 03:04:41',NULL);
/*!40000 ALTER TABLE `profiles` ENABLE KEYS */;
UNLOCK TABLES;

--
-- Table structure for table `users`
--

DROP TABLE IF EXISTS `users`;
/*!40101 SET @saved_cs_client     = @@character_set_client */;
/*!40101 SET character_set_client = utf8 */;
CREATE TABLE `users` (
  `id` bigint(20) unsigned NOT NULL AUTO_INCREMENT,
  `firstname` varchar(100) COLLATE utf8mb4_unicode_ci DEFAULT NULL,
  `lastname` varchar(100) COLLATE utf8mb4_unicode_ci DEFAULT NULL COMMENT 'Фамилия',
  `email` varchar(100) COLLATE utf8mb4_unicode_ci DEFAULT NULL,
  `password_hash` varchar(100) COLLATE utf8mb4_unicode_ci DEFAULT NULL,
  `phone` bigint(20) DEFAULT NULL,
  `is_deleted` bit(1) DEFAULT b'0',
  PRIMARY KEY (`id`),
  UNIQUE KEY `email` (`email`),
  KEY `users_firstname_lastname_idx` (`firstname`,`lastname`)
) ENGINE=InnoDB AUTO_INCREMENT=101 DEFAULT CHARSET=utf8mb4 COLLATE=utf8mb4_unicode_ci;
/*!40101 SET character_set_client = @saved_cs_client */;

--
-- Dumping data for table `users`
--

LOCK TABLES `users` WRITE;
/*!40000 ALTER TABLE `users` DISABLE KEYS */;
INSERT INTO `users` VALUES (1,'Shanon','Littel','genesis.grimes@example.net','5bdca5349885c255afbbcd831a41a1f9cb5ee849',90172430,'\0'),(2,'Matt','Bernier','morton95@example.org','408b43724b4b3f4e3a40a2dbba09e5cfe0e211f7',94209092,''),(3,'Katharina','Crist','heaven68@example.org','95fb038d6f16a1b404adf34194f2542237d1eae1',90720521,''),(4,'Reuben','Hessel','rowe.macey@example.org','e3cf6b1239c8565a757b1a709f7901cc48a38f39',91168996,'\0'),(5,'Rosanna','Lowe','urobel@example.com','d44c50118aaf8359e0372137d75abe374dec3775',93724758,'\0'),(6,'Alivia','Herman','ceasar97@example.org','6e0bfe5c608679382f39c5fb79ac217f4244973c',98101278,''),(7,'Dasia','Ziemann','jan37@example.net','84f8c73be8427735fc093f4e6aa8f49ed938f459',92756431,'\0'),(8,'Emile','Kohler','rod51@example.org','dcd409a86f11fc6955a80b71e77900b14d81dcb9',97544681,''),(9,'Karen','Armstrong','olaf.herzog@example.com','f566d267994fc2d2600d2e806c88c57ec7cec55c',90722828,''),(10,'Fernando','Kling','cleveland82@example.org','cc116152e35911c9016c0bfae8c78ea88f665f2b',91134950,''),(11,'Bridgette','Price','mills.markus@example.com','40a2f804a8b1a6a5fe2698059f374f307b141f42',92537004,'\0'),(12,'Soledad','Jacobs','gusikowski.gustave@example.net','8ecd77a4c229efd45adc97b177c60263cea311ce',92782992,''),(13,'Alexzander','Daniel','gleason.earlene@example.org','be4db1cfb785f69ae14b1759077f3c6524e7e9f8',95679269,''),(14,'Fernando','Kuvalis','wo\'kon@example.com','0a235aa4f9fc6166b5ab407700492069678ba93e',94181849,'\0'),(15,'Tad','Kertzmann','florian.quitzon@example.com','e3df12c438405d818f62b893403fc9c16a54aaaf',94541080,'\0'),(16,'Henderson','Bruen','myra46@example.com','ea32781351137e2575b3e5c7d25beee71a7d4dd1',97342063,''),(17,'Luisa','Bednar','jerod58@example.com','1590f1d888e5562bb1ef84e312ba663e63f05d2a',92870642,'\0'),(18,'Davin','Howe','lorenz.bayer@example.net','96512877e093d44f141b4b24962559450a0e56ce',94580841,'\0'),(19,'Chyna','Zboncak','oswaldo.hintz@example.org','2fa5477fdf8119772767b7264c4b417cc02c6a09',97762778,''),(20,'Jaleel','Hessel','sawayn.alayna@example.com','9c53352cc6b7931a1a8a8b045ff8cee577332cce',94289431,''),(21,'Darien','Abernathy','ehackett@example.com','26ee953d89cad14c5dce267f1fba796be7476ada',96830925,'\0'),(22,'Jaiden','Greenfelder','schowalter.napoleon@example.com','029af724a8cc0cc9084ce1aea246fa61c75a2505',94059691,''),(23,'Branson','Halvorson','rmclaughlin@example.net','a70007a31f3f53dbb54a4b1e40d53ac2839aaace',93551748,''),(24,'Eloisa','Dibbert','tierra.lowe@example.net','542cc6f9b4ca407fcb4bc6f2b531c759ac51b3f6',94129295,''),(25,'Jessie','Yost','marilie.kihn@example.net','4f0e9930e99168a956e02e9dfee41274267d079d',91872113,'\0'),(26,'Deion','Marquardt','magnolia.runolfsson@example.com','4f8aefc7a58059f1e8d875b27ec232108502fcf7',97033135,''),(27,'Jayde','Reichel','esther64@example.com','e57de5ff5ba33ee172a5677896137b222a180303',96956194,'\0'),(28,'Carlo','Hoppe','orpha18@example.net','030e0d541a4e89227e29a05cc5f30ad1c8a82907',96148387,''),(29,'Darion','Ritchie','bparisian@example.org','f2f6892a6a94a5b7ce4cacae070327406f2c0886',99746354,'\0'),(30,'Joe','Renner','lily78@example.com','8c5d84b6d109c1c12c32ef6b8655676a677f7014',90620861,'\0'),(31,'Colby','Miller','joanny.pfeffer@example.com','e59800c17924d5e83cb6611fbd0bb6505d813dc1',95673173,''),(32,'Deon','Wunsch','koepp.florian@example.org','1a8dca6ba8d51c9f9ed587c0494da4d6b6cae416',94738313,'\0'),(33,'Selina','Rippin','abshire.keely@example.com','0c21fe5538fc08331d3d68e670878aba85f26041',99927025,''),(34,'Aric','Klein','brook50@example.org','ab1b93c0a63e9ded050bdb961c528fb343dc7df7',90170829,''),(35,'Yasmin','Johns','hamill.mattie@example.com','fa38f031b8af2aafcb8eeca96941da196826c602',92668151,'\0'),(36,'Bartholome','Yundt','stremblay@example.net','96d42afdb760daa3fe1b0ab1c7691c256b5a7cc5',95201767,''),(37,'Lura','Schimmel','bparker@example.net','8560aba4a6c60f3de8b47765a3ec450fec9f8505',94160185,''),(38,'Jeanette','Nienow','predovic.florida@example.org','3aed3a37d44d16f8a1861f4dddeea348558446d8',92283652,'\0'),(39,'Coty','Durgan','aliya.kerluke@example.net','e22f1654c5bbf0bb5d581289da44f948c21f341e',93728162,''),(40,'Jacklyn','Quitzon','theodora.herman@example.com','a25957f95fa32fc094ba02340acf41d5ec7b0642',99833186,''),(41,'Jacques','Koepp','shea08@example.com','5b4fac28c646f144a102d5be3cde4eb1fab865c1',93616493,'\0'),(42,'Deanna','Davis','gulgowski.robert@example.net','9213ef48301c2f94944ed8e6ec43882b2eae9e5c',91795694,'\0'),(43,'Keith','Bergnaum','shaina24@example.net','a081f1f11fbb8abf4e12e08f9d80fdba7106f60f',99531311,''),(44,'Ward','Pfannerstill','ptrantow@example.com','992eb79c53c0162a84109f954559b7d862f9d1a6',93418061,''),(45,'Domenico','Marvin','macey.towne@example.com','47b8249719f380de976c35713491d432c67507eb',90991954,''),(46,'Zander','Mante','forest84@example.net','b60e15d1d9ccbc605cd0d9c272a3ba6c03fd92da',91887990,'\0'),(47,'Gonzalo','Windler','wratke@example.com','3f96fe3a1809101d9133ef81500d67f4e161219a',98399931,'\0'),(48,'Alexis','Ryan','kaylie.hamill@example.com','2c54047c6e69b20ae8d8bd11acaba2205a55d660',94927740,'\0'),(49,'Orval','Okuneva','otho90@example.org','c83a7ea0fa604cd07e7f702e7b3c7d615bb282b8',92268971,''),(50,'Robert','Dare','abigale10@example.net','7e33963bf6c580492439705cf080b565c218fb62',93294423,''),(51,'June','Morar','rebeka59@example.org','76421f2cbb30f6f87a22ed11a7ff491d3c0855ce',90174185,'\0'),(52,'Oren','Schinner','gerhold.francesco@example.org','b6cd8de38ad45d8aa2b2bbabf1a071cda90ab0c7',97053418,'\0'),(53,'Ervin','Kutch','dwolff@example.com','7281cf6fbafc2fa326e56d7394decafe61cb5427',99255458,''),(54,'Elna','Hilll','zhane@example.net','580f21f6c04d74fda0ba26054bc8aa62eee29003',96155518,'\0'),(55,'Polly','Collins','madelyn32@example.net','71d592919abf3cb0687e3ebceb041de0a5947624',92875679,''),(56,'Eddie','Rempel','herdman@example.net','e332ba46ff92b113e4dd1f8e7308c83f2b08f854',95607566,''),(57,'Kavon','Schmitt','brody58@example.com','60e3b5b5aee9aa5eaba21901ed15b8a1b1c52907',97496819,''),(58,'Cory','Kshlerin','reynolds.geovany@example.net','d92f0747791972a66d9756c802d00ca3a63cc004',90694120,'\0'),(59,'Ana','Watsica','darien09@example.net','d3afe0e0b0e13cfec26aaae8261f491e85e3515f',94004238,''),(60,'Rocio','Thompson','rwitting@example.com','2d92e98b5c0db8e3b5aebd0f078e2538972000bd',96656347,'\0'),(61,'Rosalia','Hahn','wintheiser.jeramy@example.com','88d858f3c37c618f9e8c4a1225a197428e4f05be',94428820,''),(62,'Ashleigh','Spencer','tyrese.goyette@example.com','cb6fe12c42b52c863e2c73ea07dc575a3b8510fa',91826764,''),(63,'Marietta','Mueller','adams.santos@example.org','5d975afd02f8616996542355ffd12213dd56a749',94938127,'\0'),(64,'Quincy','Smitham','alva.leuschke@example.org','6e2cde088c03e9b65c1c6b87d3243b7e6c720416',91850368,'\0'),(65,'Evan','Koch','martina44@example.org','1df9550c8ade6e3ed43560c39f3fcc0f9921c2b9',91145368,'\0'),(66,'Kirstin','Hirthe','philll@example.org','65c177e072bf24962aab71f424b0ea265aa498a5',90388603,'\0'),(67,'Laisha','Schuster','roy85@example.com','1e4c28886fda08af440db96e384eca6bd02feff5',98525252,''),(68,'Aurore','Gerhold','nienow.sarina@example.com','d5cc4056fbc66ef482d6e0d54a22675f2b68ee8e',98553280,'\0'),(69,'Anibal','Dickinson','edgar.kozey@example.org','ad2aa5db64b31301b4c0f150afbf245d8adba71c',98174907,'\0'),(70,'Jarred','Baumbach','haley.ellen@example.com','a89419d5b16fdf2ff97e1aa078f36ee08203784f',92744463,''),(71,'Hallie','Jenkins','penelope.hane@example.net','4cc82ee6aeb243c4a200be6d25d8da46e8a64bf6',93468151,'\0'),(72,'Brad','Simonis','ublanda@example.com','3d8216b90b78600ca0225c8f4f9bcc61c9b78098',98025188,''),(73,'Kurt','Wisozk','bogisich.wilburn@example.net','002a348ebe152eb529bb4d3a048137664092ad0f',96649670,'\0'),(74,'Wade','Boyer','ardella04@example.com','2a5085474f0a993369349ec5bf53ab1dfd60937b',91538472,'\0'),(75,'Joshua','Wisozk','feil.rashad@example.net','dc061bf9b37831c099bb57650c4f556ab91aca88',91323724,'\0'),(76,'Charlene','Gaylord','clemmie06@example.com','47bd2d371edd65b3dfe47bc084886864404cde84',99144462,''),(77,'Julia','Cummerata','plindgren@example.net','071cefb2f66f201a610d3c11f29dc7fe6fa27b78',98216876,''),(78,'Terrell','Collier','zfeest@example.org','3aa6ae20cc98655866717798a847da49ef52c22c',99971128,'\0'),(79,'Autumn','Reilly','timothy.ward@example.net','cb54bd878f07cd4b7d60565702a4194b965e4c7b',97193177,'\0'),(80,'Macy','Kovacek','luna.walsh@example.net','f8148c7f983eba1470663d8a2dcff767429b6a4e',95760922,'\0'),(81,'Lincoln','Predovic','bmcglynn@example.net','4c0eb1cc0cf22a0f1f0d9bba1b3611de9eb3272c',97396683,''),(82,'Everardo','Kshlerin','casimer.borer@example.org','f93b8c4e974b405bfc572512e557669141809395',97227555,''),(83,'Eliza','Wuckert','karina39@example.org','ba6989640a82c37ee5013bdeae0b43cf582698b6',92486283,''),(84,'Clotilde','Marvin','hoeger.brionna@example.org','ac63d45c2afc2348369bd88c9e3b9fbd80149a58',94362747,'\0'),(85,'Rey','Senger','kihn.ola@example.com','5e58bbeb43ee0df7c4658c52ed7b46b484550837',96763399,''),(86,'Tevin','Schaefer','braun.francesca@example.net','90b2fb577b7b065f354e63524e14cb4b59daa338',90293965,''),(87,'Afton','Stanton','jbuckridge@example.org','59e518770c6db0ea48e3a1e6a7609316fbfe60ce',92564937,'\0'),(88,'Felton','Jaskolski','rkilback@example.org','e9ed0436f48d2fcecc7bec38f138f7eb056295b6',99385490,''),(89,'Orin','Huel','reichert.krista@example.com','72cd1b716d790330e10e10760cfbfc7a9a293ba0',96568402,'\0'),(90,'Philip','Greenholt','nikolaus.katharina@example.net','5e9f99cd80380d413df8bfa7cda6d92c67eba172',91817190,''),(91,'Asia','Wyman','mcdermott.eva@example.org','20c9b6eb49cf23ed1e381a614bef48a20290b70c',94889768,'\0'),(92,'Maxie','D\'Amore','myrtie13@example.org','d7e5decfee6262c4593ef9a73bb30b03b7fa237d',95766090,'\0'),(93,'Jude','Turner','rebeca.lemke@example.com','e016c5f22775f22e61b306470ed2fe91d87492d0',93962234,'\0'),(94,'Hermann','Hyatt','hane.arlie@example.net','a4254dc0df99dce8f2c00498fab9c4e57733c2b8',94738448,'\0'),(95,'Paris','Rolfson','monahan.carissa@example.net','272b90c8fdd983029402ff11df20906d1aab3eed',95342706,''),(96,'Glenda','Wolff','ysauer@example.org','249b9cddf0dfad70903068a253234380761db077',96168956,'\0'),(97,'Garland','Zemlak','enoch.gaylord@example.com','af4faa007cdff4bccc29ea082eaed8e1aa437474',90900610,'\0'),(98,'Myah','Casper','idibbert@example.net','5e63a3a36054d9fdf30b0f4d37ee66df790dfde9',92658328,'\0'),(99,'Rene','Bosco','omckenzie@example.com','fa0985cd87faa24d88431c346b02c047f66a4b4f',93820983,'\0'),(100,'Payton','Kautzer','hudson.mia@example.org','79ad851ee9d2297ea331ae15c75e15f3159633ef',96997417,'');
/*!40000 ALTER TABLE `users` ENABLE KEYS */;
UNLOCK TABLES;

--
-- Table structure for table `users_communities`
--

DROP TABLE IF EXISTS `users_communities`;
/*!40101 SET @saved_cs_client     = @@character_set_client */;
/*!40101 SET character_set_client = utf8 */;
CREATE TABLE `users_communities` (
  `user_id` bigint(20) unsigned NOT NULL,
  `community_id` bigint(20) unsigned NOT NULL,
  PRIMARY KEY (`user_id`,`community_id`),
  KEY `community_id` (`community_id`),
  CONSTRAINT `users_communities_ibfk_1` FOREIGN KEY (`user_id`) REFERENCES `users` (`id`) ON DELETE CASCADE ON UPDATE CASCADE,
  CONSTRAINT `users_communities_ibfk_2` FOREIGN KEY (`community_id`) REFERENCES `communities` (`id`) ON DELETE CASCADE ON UPDATE CASCADE
) ENGINE=InnoDB DEFAULT CHARSET=utf8mb4 COLLATE=utf8mb4_unicode_ci;
/*!40101 SET character_set_client = @saved_cs_client */;

--
-- Dumping data for table `users_communities`
--

LOCK TABLES `users_communities` WRITE;
/*!40000 ALTER TABLE `users_communities` DISABLE KEYS */;
INSERT INTO `users_communities` VALUES (1,34),(1,41),(4,24),(4,59),(4,91),(6,1),(6,38),(6,62),(7,16),(7,21),(8,17),(9,26),(10,37),(10,38),(11,86),(12,64),(13,53),(15,83),(17,97),(18,81),(18,85),(19,31),(22,81),(28,15),(28,54),(29,30),(31,66),(32,79),(35,21),(35,85),(37,33),(38,81),(40,47),(41,79),(41,91),(41,94),(42,50),(42,80),(44,81),(45,15),(45,17),(46,72),(48,3),(49,85),(50,73),(51,52),(51,79),(52,79),(53,55),(53,96),(55,23),(55,50),(55,51),(57,48),(59,8),(59,14),(60,18),(62,12),(62,17),(62,49),(62,75),(66,55),(67,8),(67,11),(67,27),(68,60),(70,3),(71,15),(71,52),(72,72),(73,69),(74,79),(74,85),(75,15),(77,43),(77,52),(77,70),(77,93),(79,30),(83,82),(85,13),(86,4),(88,29),(88,37),(88,51),(90,13),(90,16),(91,24),(91,85),(93,45),(94,79),(95,21),(95,26),(95,56),(96,22),(96,55),(98,83),(98,84),(98,97),(100,94);
/*!40000 ALTER TABLE `users_communities` ENABLE KEYS */;
UNLOCK TABLES;
/*!40103 SET TIME_ZONE=@OLD_TIME_ZONE */;

/*!40101 SET SQL_MODE=@OLD_SQL_MODE */;
/*!40014 SET FOREIGN_KEY_CHECKS=@OLD_FOREIGN_KEY_CHECKS */;
/*!40014 SET UNIQUE_CHECKS=@OLD_UNIQUE_CHECKS */;
/*!40101 SET CHARACTER_SET_CLIENT=@OLD_CHARACTER_SET_CLIENT */;
/*!40101 SET CHARACTER_SET_RESULTS=@OLD_CHARACTER_SET_RESULTS */;
/*!40101 SET COLLATION_CONNECTION=@OLD_COLLATION_CONNECTION */;
/*!40111 SET SQL_NOTES=@OLD_SQL_NOTES */;

/*
 Задание 2
 Написать скрипт, возвращающий список имен (только firstname) пользователей без повторений в алфавитном порядке.
 */
SELECT DISTINCT firstname FROM users;

-- SELECT firstname FROM users GROUP BY firstname ORDER BY firstname;
/*
 Задание 3
 Первые пять пользователей пометить как удаленные.
 */
update users 
set is_deleted = b '1'
where id<6;

update users 
set is_deleted = b '1'
where id>0
limit 5;


/*
 Задание 4
 Написать скрипт, удаляющий сообщения «из будущего» (дата больше сегодняшней).
 */

ALTER TABLE messages 
ADD COLUMN is_deleted BIT DEFAULT 0;
UPDATE messages
SET created_at = now() + INTERVAL 1 YEAR
LIMIT 2;
UPDATE messages
SET is_deleted = 1
WHERE created_at > NOW();

SELECT * FROM messages ORDER BY created_at DESC;

/*
 Задание 5
*/

-- Хочу попробовать создать базу данных интернет магазина, за осснову взять интернет магазин "Спорт-Марафон"(специализируется на экипировке и спортивных товарах)